,Name,playerid,birth_date,PA_21,OBP_21,PA_20,OBP_20,PA_19,OBP_19,PA_18,OBP_18,PA_17,OBP_17,PA_16,OBP_16,age,predict,score
0,Trayce Thompson,9952,1991-03-15,35,0.4,0.0,0.0,0.0,0.0,137.0,0.162,55.0,0.218,262.0,0.302,11340,0.22614441907423755,0.030225763019034346
1,Mike Trout,10155,1991-08-07,146,0.466,241.0,0.39,600.0,0.4379999999999999,608.0,0.46,507.0,0.442,681.0,0.441,11195,0.35680190651223687,0.011924223621362263
2,Bryce Harper,11579,1992-10-16,599,0.429,244.0,0.42,682.0,0.372,695.0,0.3929999999999999,492.0,0.413,627.0,0.373,10759,0.38506725886615584,0.0019300857435333623
3,Chris Owings,10030,1991-08-12,50,0.42,44.0,0.318,196.0,0.209,309.0,0.272,386.0,0.299,466.0,0.315,11190,0.2794915640583383,0.019742620570772043
4,Nick Fortes,21538,1996-11-11,34,0.353,0.0,0.0,0.0,0.0,0.0,0.0,0.0,0.0,0.0,0.0,9272,0.28610264552568243,0.004475256035662494
5,Juan Soto,20123,1998-10-25,654,0.465,196.0,0.49,659.0,0.401,494.0,0.406,0.0,0.0,0.0,0.0,8559,0.4051894603433994,0.0035773006540137935
6,Vladimir Guerrero Jr.,19611,1999-03-16,698,0.401,243.0,0.3289999999999999,514.0,0.3389999999999999,0.0,0.0,0.0,0.0,0.0,0.0,8417,0.3473855702164248,0.002874507081017918
7,Byron Buxton,14161,1993-12-18,254,0.358,135.0,0.267,295.0,0.314,94.0,0.183,511.0,0.314,331.0,0.284,10331,0.27123378845716073,0.007528375465496732
8,Ronald Acuna Jr.,18401,1997-12-18,360,0.3939999999999999,202.0,0.406,715.0,0.365,487.0,0.366,0.0,0.0,0.0,0.0,8870,0.3666956680311962,0.0007455265442626367
9,Brandon Belt,10264,1988-04-20,381,0.3779999999999999,179.0,0.425,616.0,0.3389999999999999,456.0,0.342,451.0,0.355,655.0,0.3939999999999999,12399,0.35870888502599485,0.00037214711694028154
10,Jesse Winker,13590,1993-08-17,485,0.3939999999999999,183.0,0.3879999999999999,384.0,0.357,334.0,0.405,137.0,0.375,0.0,0.0,10454,0.3508092627981569,0.0018654397800386667
11,Frank Schwindel,15351,1992-06-29,259,0.371,0.0,0.0,15.0,0.067,0.0,0.0,0.0,0.0,0.0,0.0,10868,0.23495348485407286,0.01850865428335098
12,Fernando Tatis Jr.,19709,1999-01-02,546,0.364,257.0,0.366,372.0,0.379,0.0,0.0,0.0,0.0,0.0,0.0,8490,0.3692327163298375,2.7381320188548212e-05
13,Yasmani Grandal,11368,1988-11-08,375,0.42,194.0,0.351,632.0,0.38,518.0,0.349,482.0,0.308,457.0,0.3389999999999999,12197,0.3285352201370504,0.00836580595537783
14,Jose Siri,17452,1995-07-22,49,0.347,0.0,0.0,0.0,0.0,0.0,0.0,0.0,0.0,0.0,0.0,9750,0.26415856735131454,0.006862702963286685
15,Luis Robert,20043,1997-08-03,296,0.3779999999999999,227.0,0.302,0.0,0.0,0.0,0.0,0.0,0.0,0.0,0.0,9007,0.3118779177410835,0.004372129762254909
16,Shohei Ohtani,19755,1994-07-05,639,0.372,175.0,0.291,425.0,0.3429999999999999,367.0,0.361,0.0,0.0,0.0,0.0,10132,0.28451092997989513,0.007654337372982812
17,Kyle Schwarber,16478,1993-03-05,471,0.374,224.0,0.308,610.0,0.3389999999999999,510.0,0.356,486.0,0.315,5.0,0.2,10619,0.3001563897096943,0.005452878780706538
18,Joey Votto,4314,1983-09-10,533,0.375,223.0,0.354,608.0,0.357,623.0,0.417,707.0,0.4539999999999999,677.0,0.434,14083,0.33950086227712956,0.0012601887790673234
19,Nick Castellanos,11737,1992-03-04,585,0.362,242.0,0.298,664.0,0.337,678.0,0.354,665.0,0.32,447.0,0.331,10985,0.2960324768459501,0.004351714111080111
20,Corey Seager,13624,1994-04-27,409,0.3939999999999999,232.0,0.358,541.0,0.335,115.0,0.348,613.0,0.375,687.0,0.365,10201,0.3322203946762325,0.0038167196339604715
21,Aaron Judge,15640,1992-04-26,633,0.373,114.0,0.336,447.0,0.381,498.0,0.392,678.0,0.422,95.0,0.263,10932,0.3098694475405853,0.003985466653830909
22,Trea Turner,16252,1993-06-30,646,0.375,259.0,0.3939999999999999,569.0,0.353,740.0,0.344,447.0,0.3379999999999999,324.0,0.37,10502,0.36233222748706917,0.00016047246043936588
23,Bryan Reynolds,19326,1995-01-27,646,0.39,208.0,0.275,546.0,0.377,0.0,0.0,0.0,0.0,0.0,0.0,9926,0.2825658481199695,0.011542096990181466
24,Ketel Marte,13613,1993-10-12,374,0.377,195.0,0.3229999999999999,628.0,0.389,580.0,0.332,255.0,0.345,466.0,0.287,10398,0.3054001673797218,0.005126536031251853
25,Darin Ruf,9929,1986-07-28,312,0.385,100.0,0.37,0.0,0.0,0.0,0.0,0.0,0.0,89.0,0.236,13031,0.3218358632880627,0.003989708166564308
26,John Hicks,12547,1989-08-31,31,0.258,0.0,0.0,333.0,0.24,312.0,0.312,190.0,0.326,2.0,0.5,11901,0.25074024727314637,5.270400965505888e-05
27,Tyler O'Neill,15711,1995-06-22,537,0.352,157.0,0.261,151.0,0.311,142.0,0.303,0.0,0.0,0.0,0.0,9780,0.2660516199615718,0.007387124031230082
28,C.J. Cron,12546,1990-01-05,547,0.375,52.0,0.346,499.0,0.311,560.0,0.3229999999999999,373.0,0.305,445.0,0.325,11774,0.2952509145170669,0.006359916635364168
29,Kyle Tucker,18345,1997-01-17,567,0.359,228.0,0.325,72.0,0.319,72.0,0.236,0.0,0.0,0.0,0.0,9205,0.32022998753706283,0.0015031138663763022
30,George Springer,12856,1989-09-19,342,0.352,222.0,0.359,556.0,0.3829999999999999,620.0,0.346,629.0,0.367,744.0,0.359,11882,0.33573758963066835,0.0002644659910205448
31,Austin Riley,18360,1997-04-02,662,0.367,206.0,0.301,297.0,0.2789999999999999,0.0,0.0,0.0,0.0,0.0,0.0,9130,0.3005670746833128,0.00441333356613254
32,Freddie Freeman,5361,1989-09-12,695,0.3929999999999999,262.0,0.462,692.0,0.389,707.0,0.3879999999999999,514.0,0.4029999999999999,693.0,0.4,11889,0.4152799687968899,0.0004963970095903912
33,Buster Posey,9166,1987-03-27,454,0.39,0.0,0.0,445.0,0.32,448.0,0.359,568.0,0.4,614.0,0.362,12789,0.2792453845682891,0.012266584839426171
34,Max Muncy,13301,1990-08-25,592,0.368,248.0,0.331,589.0,0.374,481.0,0.391,0.0,0.0,133.0,0.308,11542,0.3163365933484594,0.002669107586842446
35,Matt Olson,14344,1994-03-29,673,0.371,245.0,0.31,547.0,0.351,660.0,0.335,216.0,0.352,28.0,0.321,10230,0.3043050497432223,0.00444821638975405
36,Brandon Crawford,5343,1987-01-21,549,0.373,193.0,0.326,560.0,0.304,594.0,0.325,570.0,0.305,623.0,0.342,12854,0.31633275631603475,0.0032111765067378995
37,Greg Allen,16623,1993-03-15,48,0.417,32.0,0.281,256.0,0.29,291.0,0.31,39.0,0.282,0.0,0.0,10609,0.25869093720223824,0.025061759363905672
38,A.J. Pollock,9256,1987-12-05,422,0.355,210.0,0.314,342.0,0.327,460.0,0.316,466.0,0.33,46.0,0.326,12536,0.3124547189677368,0.0018101009381142534
39,Paul Goldschmidt,9218,1987-09-10,679,0.365,231.0,0.417,682.0,0.346,690.0,0.389,665.0,0.4039999999999999,705.0,0.411,12622,0.3743312745318825,8.707268438935866e-05
40,Rafael Devers,17350,1996-10-24,664,0.352,248.0,0.31,702.0,0.361,490.0,0.298,240.0,0.3379999999999999,0.0,0.0,9290,0.31814410595683074,0.0011462215614623027
41,Jose Ramirez,13510,1992-09-17,636,0.355,254.0,0.386,542.0,0.327,698.0,0.387,645.0,0.374,618.0,0.363,10788,0.3541314436147195,7.543901944115188e-07
42,Cedric Mullins II,17929,1994-10-01,675,0.36,153.0,0.315,74.0,0.181,191.0,0.312,0.0,0.0,0.0,0.0,10044,0.29659826606030204,0.0040197798665602465
43,Mitch Garver,15161,1991-01-15,243,0.358,81.0,0.247,359.0,0.365,335.0,0.335,52.0,0.288,0.0,0.0,11399,0.2655912563999271,0.008539375893744013
44,Giancarlo Stanton,4949,1989-11-08,579,0.354,94.0,0.387,72.0,0.4029999999999999,705.0,0.3429999999999999,692.0,0.376,470.0,0.326,11832,0.32157088677321066,0.001051647384675922
45,Yordan Alvarez,19556,1997-06-27,598,0.346,9.0,0.3329999999999999,369.0,0.412,0.0,0.0,0.0,0.0,0.0,0.0,9044,0.26247355085634827,0.006976667706547034
46,Brandon Nimmo,12927,1993-03-27,386,0.401,225.0,0.4039999999999999,254.0,0.375,535.0,0.4039999999999999,215.0,0.379,80.0,0.3379999999999999,10597,0.3686815165771713,0.0010444843707516551
47,Teoscar Hernandez,13066,1992-10-15,595,0.346,207.0,0.34,464.0,0.306,523.0,0.302,95.0,0.305,112.0,0.304,10760,0.31754963060434765,0.0008094235187490702
48,Xander Bogaerts,12161,1992-10-01,603,0.37,225.0,0.364,698.0,0.384,580.0,0.36,635.0,0.3429999999999999,719.0,0.356,10774,0.33492110906717465,0.0012305285890770563
49,Marcus Semien,12533,1990-09-17,724,0.3339999999999999,236.0,0.305,747.0,0.369,703.0,0.318,386.0,0.325,621.0,0.3,11519,0.30273190385436316,0.0009776938365727837
50,Garrett Cooper,15279,1990-12-25,250,0.38,133.0,0.353,421.0,0.344,38.0,0.316,45.0,0.3329999999999999,0.0,0.0,11420,0.3202037933693689,0.0035755863274131335
51,Connor Joe,16572,1992-08-16,211,0.379,0.0,0.0,16.0,0.125,0.0,0.0,0.0,0.0,0.0,0.0,10820,0.23206338890195646,0.021590367680977694
52,Mookie Betts,13611,1992-10-07,550,0.367,246.0,0.366,706.0,0.391,614.0,0.4379999999999999,712.0,0.344,730.0,0.363,10768,0.33722195986321024,0.0008867316743882615
53,Rhys Hoskins,16472,1993-03-17,443,0.3339999999999999,185.0,0.384,705.0,0.364,660.0,0.354,212.0,0.396,0.0,0.0,10607,0.34743641943492326,0.00018053736723118598
54,Starling Marte,9241,1988-10-09,526,0.3829999999999999,250.0,0.34,586.0,0.342,606.0,0.327,339.0,0.3329999999999999,529.0,0.362,12227,0.3293387459458644,0.0028795301866624758
55,J.D. Martinez,6184,1987-08-21,634,0.349,237.0,0.291,657.0,0.3829999999999999,649.0,0.402,489.0,0.376,517.0,0.373,12642,0.3030816448704412,0.0021084953378042765
56,Will Smith,19197,1995-03-28,501,0.365,137.0,0.401,196.0,0.337,0.0,0.0,0.0,0.0,0.0,0.0,9866,0.3533568842057477,0.00013556214539836765
57,Carlos Correa,14162,1994-09-22,640,0.366,221.0,0.326,321.0,0.358,468.0,0.3229999999999999,481.0,0.391,660.0,0.361,10053,0.3103614278351504,0.003095650712543174
58,Brandon Lowe,18882,1994-07-06,615,0.34,224.0,0.362,327.0,0.336,148.0,0.324,0.0,0.0,0.0,0.0,10131,0.3345467248042887,2.973821036016029e-05
59,Yuli Gurriel,19198,1984-06-09,605,0.3829999999999999,230.0,0.2739999999999999,612.0,0.3429999999999999,573.0,0.3229999999999999,564.0,0.332,137.0,0.292,13810,0.2837130385729149,0.009857900709423462
60,Jonathan India,21523,1996-12-15,631,0.376,0.0,0.0,0.0,0.0,0.0,0.0,0.0,0.0,0.0,0.0,9238,0.29748558694258015,0.006164513057751141
61,Pete Alonso,19251,1994-12-07,637,0.344,239.0,0.326,693.0,0.358,0.0,0.0,0.0,0.0,0.0,0.0,9977,0.3140004558326922,0.0008999726502462495
62,Salvador Perez,7304,1990-05-10,665,0.316,156.0,0.353,0.0,0.0,544.0,0.2739999999999999,499.0,0.297,546.0,0.288,11649,0.32242798216857926,4.131895475957293e-05
63,Mike Zunino,13265,1991-03-25,375,0.301,84.0,0.238,289.0,0.2319999999999999,405.0,0.259,435.0,0.331,192.0,0.318,11330,0.2614044922534668,0.0015678042337057706
64,Justin Turner,5235,1984-11-23,612,0.361,175.0,0.4,549.0,0.372,426.0,0.406,543.0,0.415,622.0,0.3389999999999999,13643,0.3635761067062795,6.6363257621382234e-06
65,Luke Maile,13355,1991-02-06,34,0.382,0.0,0.0,129.0,0.205,231.0,0.3329999999999999,136.0,0.176,126.0,0.252,11377,0.2435830058663575,0.01915926426499282
66,J.D. Davis,16219,1993-04-27,211,0.384,229.0,0.371,453.0,0.369,113.0,0.248,68.0,0.2789999999999999,0.0,0.0,10566,0.34082519062149674,0.0018640641648700934
67,Jared Walsh,18607,1993-07-30,585,0.34,108.0,0.324,87.0,0.276,0.0,0.0,0.0,0.0,0.0,0.0,10472,0.3017260800442643,0.0014648929487780637
68,Jose Altuve,5417,1990-05-06,678,0.35,210.0,0.286,548.0,0.353,599.0,0.386,662.0,0.41,717.0,0.396,11653,0.2945150466668301,0.00307858004638404
69,Kris Bryant,15429,1992-01-04,586,0.353,147.0,0.293,634.0,0.382,457.0,0.374,665.0,0.409,699.0,0.385,11045,0.29005056294987586,0.00396263162492754
70,Matt Vierling,21558,1996-09-16,77,0.364,0.0,0.0,0.0,0.0,0.0,0.0,0.0,0.0,0.0,0.0,9328,0.2663854990560414,0.009528590794538088
71,Rafael Ortega,10323,1991-05-15,330,0.36,0.0,0.0,96.0,0.271,143.0,0.287,0.0,0.0,202.0,0.283,11279,0.2777014935818222,0.0067730441586628465
72,Adam Engel,15082,1991-12-09,140,0.336,93.0,0.3329999999999999,248.0,0.304,463.0,0.2789999999999999,336.0,0.235,0.0,0.0,11071,0.30426185439149933,0.0010073098866663916
73,Franmil Reyes,14566,1995-07-07,466,0.324,241.0,0.344,548.0,0.31,285.0,0.34,0.0,0.0,0.0,0.0,9765,0.32730475805444925,1.0921425798447138e-05
74,Jose Abreu,15676,1987-01-29,659,0.351,262.0,0.37,693.0,0.33,553.0,0.325,675.0,0.354,695.0,0.353,12846,0.3518733251945479,7.626968954321513e-07
75,Bo Bichette,19612,1998-03-05,690,0.3429999999999999,128.0,0.3279999999999999,212.0,0.358,0.0,0.0,0.0,0.0,0.0,0.0,8793,0.2973768857263119,0.002081468556029997
76,Ty France,17982,1994-07-13,650,0.368,155.0,0.368,201.0,0.294,0.0,0.0,0.0,0.0,0.0,0.0,10124,0.3327675093895593,0.0012413283946147923
77,Alfonso Rivas,21560,1996-09-13,49,0.3879999999999999,0.0,0.0,0.0,0.0,0.0,0.0,0.0,0.0,0.0,0.0,9331,0.26668765270825207,0.01471668560543364
78,Josh Donaldson,5038,1985-12-08,543,0.352,102.0,0.373,659.0,0.379,219.0,0.352,496.0,0.385,700.0,0.4039999999999999,13263,0.32544513254820795,0.0007051609853822437
79,Delino DeShields,11379,1992-08-16,58,0.375,120.0,0.31,408.0,0.325,393.0,0.31,440.0,0.347,203.0,0.275,10820,0.29665731556198544,0.006137576204954329
80,Evan Longoria,9368,1985-10-07,291,0.351,209.0,0.297,508.0,0.325,512.0,0.281,677.0,0.313,685.0,0.318,13325,0.29960133072002954,0.0026418232037517773
81,Gavin Sheets,19901,1996-04-23,179,0.324,0.0,0.0,0.0,0.0,0.0,0.0,0.0,0.0,0.0,0.0,9474,0.267647777134917,0.0031755730218359845
82,Josh Bell,13145,1992-08-14,568,0.347,223.0,0.305,613.0,0.367,583.0,0.357,620.0,0.3339999999999999,152.0,0.368,10822,0.2990623947461216,0.0022980139974766657
83,Tony Kemp,14894,1991-10-31,397,0.382,114.0,0.363,279.0,0.291,295.0,0.351,39.0,0.256,136.0,0.296,11110,0.3229362558786537,0.0034885258696318693
84,Manny Machado,11493,1992-07-06,640,0.347,254.0,0.37,661.0,0.3339999999999999,709.0,0.367,690.0,0.31,696.0,0.3429999999999999,10861,0.3403522315320345,4.4192825603676346e-05
85,Randy Arozarena,19290,1995-02-28,604,0.356,76.0,0.382,23.0,0.391,0.0,0.0,0.0,0.0,0.0,0.0,9894,0.32018667512467053,0.0012825942386258916
86,Willy Adames,15986,1995-09-02,555,0.337,205.0,0.332,584.0,0.317,323.0,0.348,0.0,0.0,0.0,0.0,9708,0.31218526008759007,0.0006157713169205516
87,Jorge Polanco,13152,1993-07-05,644,0.3229999999999999,226.0,0.304,704.0,0.356,333.0,0.345,544.0,0.313,270.0,0.332,10497,0.2983435392626624,0.0006079410560918665
88,Joey Gallo,14128,1993-11-19,616,0.351,226.0,0.301,297.0,0.389,577.0,0.312,532.0,0.3329999999999999,30.0,0.2,10360,0.29710756189603604,0.002904394884789584
89,Wander Franco,23667,2001-03-01,308,0.347,0.0,0.0,0.0,0.0,0.0,0.0,0.0,0.0,0.0,0.0,7701,0.2643747328997913,0.006826934763380826
90,Yoan Moncada,17232,1995-05-27,616,0.375,231.0,0.32,559.0,0.367,650.0,0.315,231.0,0.3379999999999999,20.0,0.25,9806,0.31063974392838084,0.004142242561604391
91,Jason Castro,8722,1987-06-18,179,0.356,92.0,0.293,275.0,0.332,74.0,0.257,407.0,0.3329999999999999,376.0,0.307,12706,0.2739346712688524,0.006734718179751316
92,Michael Brantley,4106,1987-05-15,508,0.362,187.0,0.364,637.0,0.372,631.0,0.364,375.0,0.357,43.0,0.2789999999999999,12740,0.336685276973649,0.0006408352019008663
93,Patrick Wisdom,13602,1991-08-27,375,0.305,2.0,0.0,28.0,0.185,58.0,0.362,0.0,0.0,0.0,0.0,11175,0.24190142484169708,0.003981430187008002
94,Nelson Cruz,2434,1980-07-01,584,0.3339999999999999,214.0,0.397,521.0,0.392,591.0,0.342,645.0,0.375,667.0,0.36,15249,0.3660725024876247,0.0010286454158186975
95,Tyler Stephenson,17988,1996-08-16,402,0.366,20.0,0.4,0.0,0.0,0.0,0.0,0.0,0.0,0.0,0.0,9359,0.2760010510875603,0.008099810805343931
96,Thairo Estrada,16426,1996-02-22,132,0.3329999999999999,52.0,0.231,69.0,0.294,0.0,0.0,0.0,0.0,0.0,0.0,9535,0.25979051592017527,0.005359628559234097
97,Avisail Garcia,5760,1991-06-12,515,0.33,207.0,0.3329999999999999,530.0,0.332,385.0,0.281,561.0,0.38,453.0,0.307,11251,0.31537688219431753,0.0002138355743588681
98,Tyler Naquin,13359,1991-04-24,454,0.3329999999999999,141.0,0.248,294.0,0.325,183.0,0.295,40.0,0.25,365.0,0.372,11300,0.2671225836942184,0.004339833979125251
99,Tim Anderson,15172,1993-06-23,551,0.3379999999999999,221.0,0.357,518.0,0.357,606.0,0.281,606.0,0.276,431.0,0.306,10509,0.3296919886175859,6.902305313032048e-05
100,Jeimer Candelario,13621,1993-11-24,626,0.351,206.0,0.369,386.0,0.306,619.0,0.317,142.0,0.359,14.0,0.286,10355,0.3376606140506746,0.0001779392175050593
101,Jake Burger,22275,1996-04-10,42,0.3329999999999999,0.0,0.0,0.0,0.0,0.0,0.0,0.0,0.0,0.0,0.0,9487,0.25783587507448724,0.005649645675818074
102,Javier Baez,12979,1992-12-01,547,0.319,235.0,0.238,561.0,0.316,645.0,0.326,508.0,0.317,450.0,0.314,10713,0.2740680685789946,0.002018878461221935
103,Hunter Renfroe,15464,1992-01-28,572,0.315,139.0,0.252,494.0,0.289,441.0,0.302,479.0,0.284,36.0,0.389,11021,0.26836473919013176,0.0021748475508044326
104,Santiago Espinal,19997,1994-11-13,246,0.376,66.0,0.308,0.0,0.0,0.0,0.0,0.0,0.0,0.0,0.0,10001,0.2832914476591113,0.008594875677143302
105,LaMonte Wade Jr.,18126,1994-01-01,381,0.326,44.0,0.318,69.0,0.348,0.0,0.0,0.0,0.0,0.0,0.0,10317,0.27349879418091577,0.002756376612457845
106,Brendan Rodgers,17907,1996-08-09,415,0.3279999999999999,21.0,0.095,81.0,0.272,0.0,0.0,0.0,0.0,0.0,0.0,9366,0.24222599491509794,0.007357179948304787
107,Trevor Story,12564,1992-11-15,595,0.3289999999999999,259.0,0.355,656.0,0.363,656.0,0.348,555.0,0.308,415.0,0.341,10729,0.3286595964989737,1.1587454351090071e-07
108,Jake Cronenworth,18036,1994-01-21,643,0.34,192.0,0.354,0.0,0.0,0.0,0.0,0.0,0.0,0.0,0.0,10297,0.32521359312823217,0.00021863782817746363
109,Ramon Urias,18795,1994-06-03,296,0.361,27.0,0.407,0.0,0.0,0.0,0.0,0.0,0.0,0.0,0.0,10164,0.2858864941325457,0.005642038763700091
110,Adam Frazier,15223,1991-12-14,639,0.368,230.0,0.297,608.0,0.336,352.0,0.342,454.0,0.344,160.0,0.356,11066,0.2962965346900321,0.005141386937457771
111,Luis Urias,16622,1997-06-03,570,0.345,120.0,0.308,249.0,0.3289999999999999,53.0,0.264,0.0,0.0,0.0,0.0,9068,0.28944419063870813,0.003086447953788202
112,Mitch Haniger,14274,1990-12-23,691,0.318,0.0,0.0,283.0,0.314,683.0,0.366,410.0,0.352,123.0,0.309,11422,0.29874812279332125,0.0003706347759810371
113,Matt Beaty,17710,1993-04-28,234,0.363,54.0,0.278,268.0,0.317,0.0,0.0,0.0,0.0,0.0,0.0,10565,0.2682703249269564,0.008973711339444416
114,Jesus Sanchez,19913,1997-10-07,251,0.319,29.0,0.172,0.0,0.0,0.0,0.0,0.0,0.0,0.0,0.0,8942,0.2565220670919855,0.0039034921004583627
115,Bryan De La Cruz,19600,1996-12-16,219,0.356,0.0,0.0,0.0,0.0,0.0,0.0,0.0,0.0,0.0,0.0,9237,0.286587653260057,0.004818073879946077
116,Anthony Rizzo,3473,1989-08-08,576,0.344,243.0,0.342,613.0,0.405,665.0,0.376,691.0,0.392,676.0,0.385,11924,0.32732257436482975,0.00027813652581663276
117,Jake Rogers,19452,1995-04-18,127,0.306,0.0,0.0,128.0,0.222,0.0,0.0,0.0,0.0,0.0,0.0,9845,0.2472501621231682,0.0034515434505540204
118,Chris Taylor,13757,1990-08-29,582,0.344,214.0,0.366,414.0,0.3329999999999999,604.0,0.331,568.0,0.354,65.0,0.262,11538,0.33700229719422337,4.8967844557973795e-05
119,T.J. Friedl,19522,1995-08-14,36,0.361,0.0,0.0,0.0,0.0,0.0,0.0,0.0,0.0,0.0,0.0,9727,0.3002053468825544,0.0036959898476705364
120,Enrique Hernandez,10472,1991-08-24,585,0.337,148.0,0.27,460.0,0.304,462.0,0.336,342.0,0.308,244.0,0.283,11178,0.27885374492883036,0.0033809869788015237
121,Jean Segura,5933,1990-03-17,567,0.348,217.0,0.347,618.0,0.3229999999999999,632.0,0.341,566.0,0.349,694.0,0.368,11703,0.3268101368782642,0.0004490102991178973
122,Robbie Grossman,5254,1989-09-16,671,0.357,192.0,0.344,482.0,0.3339999999999999,465.0,0.367,456.0,0.361,389.0,0.386,11885,0.3231513869830642,0.0011457286031702728
123,Jordan Luplow,16424,1993-09-26,193,0.326,92.0,0.304,261.0,0.372,103.0,0.272,87.0,0.276,0.0,0.0,10414,0.2886880626961255,0.0013921806653682614
124,Wilmer Flores,5827,1991-08-06,436,0.335,213.0,0.315,285.0,0.361,429.0,0.319,362.0,0.307,335.0,0.319,11196,0.30564308269513896,0.0008618285936444509
125,Willson Contreras,11609,1992-05-13,483,0.34,225.0,0.356,409.0,0.355,544.0,0.3389999999999999,428.0,0.356,283.0,0.357,10915,0.3292206292937412,0.00011619483282295119
126,Nathaniel Lowe,19566,1995-07-07,642,0.357,76.0,0.316,169.0,0.325,0.0,0.0,0.0,0.0,0.0,0.0,9765,0.2905435644063348,0.004416457831814972
127,Kolten Wong,12532,1990-10-10,492,0.335,208.0,0.35,549.0,0.361,407.0,0.332,411.0,0.376,361.0,0.327,11496,0.326453643405965,7.304021103240588e-05
128,Robinson Chirinos,3142,1984-06-05,112,0.324,82.0,0.2319999999999999,437.0,0.347,426.0,0.3379999999999999,309.0,0.36,170.0,0.314,13814,0.2079228672457597,0.013473900748445528
129,Nolan Arenado,9777,1991-04-16,653,0.312,201.0,0.303,662.0,0.379,673.0,0.374,680.0,0.373,696.0,0.362,11308,0.29994574941656876,0.0001453049571281523
130,Ozzie Albies,16556,1997-01-07,686,0.31,124.0,0.306,702.0,0.352,684.0,0.305,244.0,0.354,0.0,0.0,9215,0.2889113900370986,0.0004447294701673844
131,Dylan Carlson,20126,1998-10-23,619,0.3429999999999999,119.0,0.252,0.0,0.0,0.0,0.0,0.0,0.0,0.0,0.0,8561,0.2684786978803123,0.005553424469613756
132,J.T. Realmuto,11739,1991-03-18,537,0.3429999999999999,195.0,0.349,593.0,0.3279999999999999,531.0,0.34,579.0,0.332,545.0,0.3429999999999999,11337,0.32408461909243236,0.00035779163487837133
133,Alex Bregman,17678,1994-03-30,400,0.355,180.0,0.35,690.0,0.423,705.0,0.3939999999999999,626.0,0.352,217.0,0.313,10229,0.3213801349875881,0.0011302953234527961
134,Dustin Garneau,9433,1987-08-13,68,0.25,46.0,0.273,101.0,0.35,3.0,0.667,126.0,0.272,75.0,0.293,12650,0.25603060001095007,3.6368136492071e-05
135,Nick Madrigal,20521,1997-03-05,215,0.349,109.0,0.376,0.0,0.0,0.0,0.0,0.0,0.0,0.0,0.0,9158,0.319037729677534,0.0008977376428765242
136,Ryan Mountcastle,18373,1997-02-18,586,0.309,140.0,0.386,0.0,0.0,0.0,0.0,0.0,0.0,0.0,0.0,9173,0.3328068197171734,0.0005667646650459967
137,Andrew McCutchen,9847,1986-10-10,574,0.3339999999999999,241.0,0.324,262.0,0.3779999999999999,682.0,0.368,650.0,0.363,675.0,0.336,12957,0.32291576873204325,0.00012286018280154804
138,Eduardo Escobar,6153,1989-01-05,599,0.314,222.0,0.27,699.0,0.32,631.0,0.3339999999999999,499.0,0.309,377.0,0.28,12139,0.2896346491123361,0.0005936703238789838
139,Ji-Man Choi,5452,1991-05-19,305,0.348,145.0,0.331,487.0,0.363,221.0,0.357,18.0,0.3329999999999999,129.0,0.271,11275,0.31054826330371305,0.0014026325815680051
140,Ryan McMahon,15112,1994-12-14,596,0.331,193.0,0.295,539.0,0.3289999999999999,202.0,0.307,24.0,0.3329999999999999,0.0,0.0,9970,0.2886054355829779,0.001797299092109037
141,Alex Verdugo,17027,1996-05-15,604,0.351,221.0,0.367,377.0,0.342,86.0,0.3289999999999999,25.0,0.24,0.0,0.0,9452,0.3413094166581518,9.390740550530567e-05
142,Bobby Dalbec,19966,1995-06-29,453,0.298,92.0,0.359,0.0,0.0,0.0,0.0,0.0,0.0,0.0,0.0,9773,0.315157121068681,0.00029436680336537754
143,Jesus Aguilar,11342,1990-06-30,510,0.3289999999999999,216.0,0.352,369.0,0.325,566.0,0.352,311.0,0.331,6.0,0.0,11598,0.32894422432401027,3.1109260321005553e-09
144,Brandon Drury,11615,1992-08-21,88,0.307,49.0,0.184,447.0,0.262,86.0,0.256,480.0,0.317,499.0,0.3289999999999999,10815,0.24180497425696618,0.004250391381634843
145,Taylor Ward,17548,1993-12-14,237,0.332,102.0,0.3329999999999999,48.0,0.292,147.0,0.245,0.0,0.0,0.0,0.0,10335,0.305368199981775,0.00070925277221073
146,Mark Canha,11445,1989-02-15,625,0.358,243.0,0.387,497.0,0.396,411.0,0.3279999999999999,187.0,0.262,44.0,0.14,12098,0.35838816568288434,1.5067259736907847e-07
147,Lourdes Gurriel Jr.,19238,1993-10-10,541,0.319,224.0,0.348,343.0,0.327,263.0,0.309,0.0,0.0,0.0,0.0,10400,0.32370060321620453,2.2095670596192316e-05
148,Kyle Isbel,21614,1997-03-03,83,0.337,0.0,0.0,0.0,0.0,0.0,0.0,0.0,0.0,0.0,0.0,9160,0.27317662904924805,0.00407342267951729
149,Tres Barrera,19977,1994-09-15,107,0.374,0.0,0.0,2.0,0.0,0.0,0.0,0.0,0.0,0.0,0.0,10060,0.27242464605324024,0.010317552529409524
150,Charlie Blackmon,7859,1986-07-01,582,0.351,247.0,0.356,634.0,0.364,696.0,0.358,725.0,0.3989999999999999,641.0,0.381,13058,0.3427727557572877,6.768754782924206e-05
151,Tyrone Taylor,13675,1994-01-22,271,0.321,41.0,0.293,12.0,0.5,0.0,0.0,0.0,0.0,0.0,0.0,10296,0.26531140717950735,0.0031012193703266262
152,Riley Adams,19864,1996-06-26,120,0.358,0.0,0.0,0.0,0.0,0.0,0.0,0.0,0.0,0.0,0.0,9410,0.27947048223619503,0.006166885160215759
153,Christian Arroyo,16434,1995-05-30,181,0.324,54.0,0.296,57.0,0.304,59.0,0.3389999999999999,135.0,0.244,0.0,0.0,9803,0.27563033810837406,0.0023396241915102116
154,Luke Voit,14811,1991-02-13,241,0.3279999999999999,234.0,0.3379999999999999,510.0,0.3779999999999999,161.0,0.3979999999999999,124.0,0.306,0.0,0.0,11370,0.31965635857325975,6.961635225801451e-05
155,Andy Young,19521,1994-05-10,104,0.298,34.0,0.382,0.0,0.0,0.0,0.0,0.0,0.0,0.0,0.0,10188,0.28457047144605174,0.00018035223718131124
156,Miguel Sano,12164,1993-05-11,532,0.312,205.0,0.278,439.0,0.346,299.0,0.281,483.0,0.352,495.0,0.319,10552,0.28436633392624605,0.00076361950067574
157,Brad Miller,12775,1989-10-18,377,0.321,171.0,0.357,170.0,0.3289999999999999,254.0,0.311,407.0,0.327,601.0,0.304,11853,0.32641231318544567,2.9293134017348955e-05
158,Geraldo Perdomo,22799,1999-10-22,37,0.3779999999999999,0.0,0.0,0.0,0.0,0.0,0.0,0.0,0.0,0.0,0.0,8197,0.25172286443002495,0.01594591496775783
159,Harrison Bader,18030,1994-06-03,401,0.324,125.0,0.336,406.0,0.314,427.0,0.3339999999999999,92.0,0.283,0.0,0.0,10164,0.30953736017581945,0.0002091679506839734
160,Wil Myers,10047,1990-12-10,500,0.3339999999999999,218.0,0.353,490.0,0.321,343.0,0.318,649.0,0.3279999999999999,676.0,0.336,11435,0.3287625400418221,2.7430986813515956e-05
161,Alejandro Kirk,22581,1998-11-06,189,0.3279999999999999,25.0,0.4,0.0,0.0,0.0,0.0,0.0,0.0,0.0,0.0,8547,0.26489530793535465,0.003982202160573702
162,Elias Diaz,11680,1990-11-17,371,0.31,73.0,0.288,332.0,0.296,277.0,0.3389999999999999,200.0,0.265,4.0,0.0,11458,0.2834949970575982,0.0007025151809767293
163,Nico Hoerner,21479,1997-05-13,170,0.382,126.0,0.312,82.0,0.305,0.0,0.0,0.0,0.0,0.0,0.0,9089,0.2913870229176124,0.008210711615733297
164,Max Schrock,17750,1994-10-12,134,0.3279999999999999,17.0,0.176,0.0,0.0,0.0,0.0,0.0,0.0,0.0,0.0,10033,0.23675549479814825,0.008325559729530732
165,Danny Jansen,16535,1995-04-15,205,0.299,147.0,0.313,384.0,0.2789999999999999,95.0,0.347,0.0,0.0,0.0,0.0,9848,0.2944048406361715,2.1115489578980587e-05
166,Akil Baddoo,22168,1998-08-16,461,0.33,0.0,0.0,0.0,0.0,0.0,0.0,0.0,0.0,0.0,0.0,8629,0.27096325271149263,0.003485337530407084
167,Nicky Lopez,19339,1995-03-13,565,0.365,192.0,0.286,402.0,0.276,0.0,0.0,0.0,0.0,0.0,0.0,9881,0.2838044505732893,0.0065927172467054205
168,Carson Kelly,13620,1994-07-14,359,0.3429999999999999,129.0,0.264,365.0,0.348,42.0,0.205,75.0,0.24,14.0,0.214,10123,0.26865624473437305,0.005526993946995422
169,Jake Meyers,20308,1996-06-18,163,0.3229999999999999,0.0,0.0,0.0,0.0,0.0,0.0,0.0,0.0,0.0,0.0,9418,0.28853060588389456,0.001188139130731397
170,Austin Hays,19363,1995-07-05,529,0.308,134.0,0.3279999999999999,75.0,0.373,0.0,0.0,63.0,0.238,0.0,0.0,9767,0.3029371841684898,2.563210414379024e-05
171,Ian Happ,17919,1994-08-12,535,0.3229999999999999,231.0,0.361,156.0,0.3329999999999999,462.0,0.353,413.0,0.3279999999999999,0.0,0.0,10094,0.3348386694192774,0.00014015409361893685
172,Andrew Benintendi,17901,1994-07-06,538,0.324,52.0,0.314,615.0,0.3429999999999999,661.0,0.366,658.0,0.352,118.0,0.359,10131,0.2780274113573272,0.0021134789065084068
173,Lane Thomas,16939,1995-08-23,264,0.341,40.0,0.2,44.0,0.409,0.0,0.0,0.0,0.0,0.0,0.0,9718,0.24794337449261364,0.008659535550821955
174,Ramon Laureano,17128,1994-07-15,378,0.317,222.0,0.3379999999999999,481.0,0.34,176.0,0.358,0.0,0.0,0.0,0.0,10122,0.3175786238385609,3.348055465509363e-07
175,Steven Duggar,17719,1993-11-04,297,0.33,36.0,0.222,281.0,0.278,152.0,0.303,0.0,0.0,0.0,0.0,10375,0.24783612773759603,0.006750901905152639
176,Austin Meadows,15672,1995-05-03,591,0.315,152.0,0.296,591.0,0.364,191.0,0.325,0.0,0.0,0.0,0.0,9830,0.2845817640460768,0.0009252690785485448
177,Josh Rojas,19734,1994-06-30,550,0.341,70.0,0.257,157.0,0.312,0.0,0.0,0.0,0.0,0.0,0.0,10137,0.2649658268211688,0.005781195490988496
178,Matt Duffy,13836,1991-01-15,322,0.357,0.0,0.0,169.0,0.3429999999999999,560.0,0.361,0.0,0.0,366.0,0.31,11399,0.31868772866227585,0.0014678301350553983
179,Max Stassi,10059,1991-03-15,319,0.326,105.0,0.352,147.0,0.211,250.0,0.316,31.0,0.3229999999999999,13.0,0.077,11340,0.31523032092835424,0.00011598598730624504
180,Chas McCormick,19599,1995-04-19,320,0.319,0.0,0.0,0.0,0.0,0.0,0.0,0.0,0.0,0.0,0.0,9844,0.2869592517495415,0.001026609548449259
181,Trey Mancini,15149,1992-03-18,616,0.326,0.0,0.0,679.0,0.364,636.0,0.299,586.0,0.3379999999999999,15.0,0.4,10971,0.28671702210023164,0.00154315235267369
182,Mike Yastrzemski,14854,1990-08-23,532,0.311,225.0,0.4,411.0,0.3339999999999999,0.0,0.0,0.0,0.0,0.0,0.0,11544,0.36215332028187763,0.0026166621758603537
183,Kevin Plawecki,13807,1991-02-26,173,0.349,89.0,0.3929999999999999,174.0,0.287,277.0,0.315,118.0,0.364,151.0,0.298,11357,0.3239279883659392,0.0006286057673784778
184,Andy Ibanez,18819,1993-04-03,272,0.321,0.0,0.0,0.0,0.0,0.0,0.0,0.0,0.0,0.0,0.0,10590,0.2561495699190424,0.004205578281685169
185,Yandy Diaz,16578,1991-08-08,541,0.353,138.0,0.428,347.0,0.34,120.0,0.375,179.0,0.352,0.0,0.0,11194,0.3602884905557986,5.3122094581965534e-05
186,Christian Yelich,11477,1991-12-05,475,0.362,247.0,0.356,580.0,0.429,651.0,0.402,695.0,0.369,659.0,0.376,11075,0.32986788066273837,0.0010324730931040222
187,Keibert Ruiz,19610,1998-07-20,96,0.3329999999999999,8.0,0.25,0.0,0.0,0.0,0.0,0.0,0.0,0.0,0.0,8656,0.2680857513234467,0.00421385968124139
188,Alcides Escobar,6310,1986-12-16,349,0.34,0.0,0.0,0.0,0.0,531.0,0.2789999999999999,629.0,0.272,682.0,0.292,12890,0.2783343531202772,0.003802652005094668
189,Daniel Vogelbach,14130,1992-12-17,258,0.349,136.0,0.331,558.0,0.341,102.0,0.324,31.0,0.29,13.0,0.154,10697,0.308864333864328,0.0016108716961541272
190,Josh Harrison,8202,1987-07-08,558,0.341,91.0,0.352,147.0,0.218,374.0,0.293,542.0,0.3389999999999999,522.0,0.311,12686,0.3104231983081421,0.000934940801703207
191,Donovan Solano,8623,1987-12-17,344,0.344,203.0,0.365,228.0,0.36,0.0,0.0,0.0,0.0,23.0,0.261,12524,0.33959527337750756,1.940161661889345e-05
192,Adam Duvall,10950,1988-09-04,555,0.281,209.0,0.301,130.0,0.315,427.0,0.2739999999999999,647.0,0.301,608.0,0.297,12262,0.30444815542633924,0.000549815992897761
193,Jonathan Schoop,11265,1991-10-16,674,0.32,177.0,0.324,464.0,0.304,501.0,0.266,675.0,0.3379999999999999,647.0,0.298,11125,0.3082479421940704,0.00013811086267391046
194,Jorge Soler,14221,1992-02-25,602,0.316,174.0,0.326,679.0,0.354,257.0,0.354,110.0,0.245,264.0,0.3329999999999999,10993,0.3086133144284615,5.4563123732774866e-05
195,Jake Fraley,19260,1995-05-25,265,0.352,29.0,0.241,41.0,0.171,0.0,0.0,0.0,0.0,0.0,0.0,9808,0.2527880399055556,0.009843013025781625
196,Dansby Swanson,18314,1994-02-11,653,0.311,264.0,0.345,545.0,0.325,533.0,0.304,551.0,0.312,145.0,0.361,10276,0.3247265301916229,0.00018841763110153499
197,Omar Narvaez,13338,1992-02-10,445,0.342,126.0,0.294,482.0,0.353,322.0,0.366,295.0,0.373,117.0,0.35,11008,0.2895439630549637,0.0027516358119790145
198,Daulton Varsho,19918,1996-07-02,315,0.318,115.0,0.287,0.0,0.0,0.0,0.0,0.0,0.0,0.0,0.0,9404,0.2805160181997901,0.0014050488915984668
199,Ben Gamel,12160,1992-05-17,400,0.347,127.0,0.315,356.0,0.337,293.0,0.358,550.0,0.322,57.0,0.278,10911,0.30014360168805354,0.0021955220627677768
200,Edmundo Sosa,17022,1996-03-06,326,0.346,0.0,0.0,10.0,0.4,3.0,0.3329999999999999,0.0,0.0,0.0,0.0,9522,0.26700221862806695,0.006240649461687729
201,Michael Conforto,16376,1993-03-01,479,0.344,233.0,0.412,648.0,0.363,638.0,0.35,440.0,0.384,348.0,0.31,10623,0.37685694623557286,0.0010795789159273276
202,Luis Arraez,18568,1997-04-09,479,0.357,121.0,0.364,366.0,0.3989999999999999,0.0,0.0,0.0,0.0,0.0,0.0,9123,0.31557797426413237,0.0017157842160628793
203,Austin Slater,16153,1992-12-13,306,0.32,104.0,0.408,192.0,0.3329999999999999,225.0,0.3329999999999999,127.0,0.3389999999999999,0.0,0.0,10701,0.3467464052954434,0.0007153701962281238
204,Abraham Almonte,5486,1989-06-27,175,0.331,13.0,0.231,38.0,0.421,151.0,0.26,195.0,0.314,194.0,0.294,11966,0.24859741924555664,0.006790185314992561
205,Yadiel Hernandez,19334,1987-10-09,289,0.3289999999999999,28.0,0.214,0.0,0.0,0.0,0.0,0.0,0.0,0.0,0.0,12593,0.21915240245047157,0.012066494687403142
206,Trent Grisham,18564,1996-11-01,527,0.327,252.0,0.352,183.0,0.3279999999999999,0.0,0.0,0.0,0.0,0.0,0.0,9282,0.34199348505786975,0.0002248045941805631
207,Austin Dean,18288,1993-10-14,38,0.342,7.0,0.5710000000000001,189.0,0.261,122.0,0.2789999999999999,0.0,0.0,0.0,0.0,10396,0.318877626190709,0.0005346441705765888
208,Kyle Lewis,19508,1995-07-13,147,0.3329999999999999,242.0,0.364,75.0,0.293,0.0,0.0,0.0,0.0,0.0,0.0,9759,0.3411854648210892,6.70018343372902e-05
209,Francisco Mejia,16403,1995-10-27,277,0.322,42.0,0.143,244.0,0.316,62.0,0.258,14.0,0.214,0.0,0.0,9653,0.23749272219487788,0.007141480002032087
210,Jonathan Villar,10071,1991-05-02,505,0.322,207.0,0.301,714.0,0.3389999999999999,515.0,0.325,436.0,0.293,679.0,0.369,11292,0.2991819689576234,0.000520662540650863
211,Eric Hosmer,3516,1989-10-24,565,0.337,156.0,0.3329999999999999,667.0,0.31,677.0,0.322,671.0,0.385,667.0,0.3279999999999999,11847,0.31272857944833016,0.0005891018555960223
212,Ryan Zimmerman,4220,1984-09-28,273,0.286,0.0,0.0,190.0,0.321,323.0,0.337,576.0,0.358,467.0,0.272,13699,0.31244344331345886,0.0006992556942721132
213,Lorenzo Cain,9077,1986-04-13,286,0.3289999999999999,21.0,0.429,623.0,0.325,620.0,0.395,645.0,0.363,434.0,0.3389999999999999,13137,0.3035699175679182,0.0006466890925024715
214,Jace Peterson,12325,1990-05-09,302,0.348,61.0,0.3929999999999999,108.0,0.2689999999999999,246.0,0.31,215.0,0.318,408.0,0.35,11650,0.3064253972386497,0.001728447594764074
215,Tommy Pham,2967,1988-03-08,561,0.34,125.0,0.312,654.0,0.369,570.0,0.367,530.0,0.411,183.0,0.324,12442,0.29508134956306564,0.0020176851570755053
216,Pavin Smith,19892,1996-02-06,545,0.3279999999999999,44.0,0.341,0.0,0.0,0.0,0.0,0.0,0.0,0.0,0.0,9551,0.28396663419890256,0.0019389373037732493
217,Sam Hilliard,17954,1994-02-21,238,0.294,114.0,0.272,87.0,0.356,0.0,0.0,0.0,0.0,0.0,0.0,10266,0.2737683804870589,0.00040931842811641736
218,Colin Moran,16909,1992-10-01,359,0.3339999999999999,200.0,0.325,503.0,0.322,465.0,0.34,12.0,0.417,25.0,0.2,10774,0.30830595632823377,0.0006601838802066257
219,Yermin Mercedes,17423,1993-02-14,262,0.3279999999999999,1.0,0.0,0.0,0.0,0.0,0.0,0.0,0.0,0.0,0.0,10638,0.26998049641240096,0.0033662627965514065
220,Corey Dickerson,10762,1989-05-22,365,0.326,210.0,0.311,279.0,0.341,533.0,0.33,629.0,0.325,548.0,0.293,12002,0.30883058684938347,0.00029478874793656423
221,Eloy Jimenez,17484,1996-11-27,231,0.303,226.0,0.332,504.0,0.315,0.0,0.0,0.0,0.0,0.0,0.0,9256,0.32259235722234364,0.0003838604615279213
222,Joey Wendle,13853,1990-04-26,501,0.319,184.0,0.342,263.0,0.293,545.0,0.354,14.0,0.357,104.0,0.298,11663,0.3202377593643212,1.5320482439647946e-06
223,Francisco Lindor,12916,1993-11-14,524,0.322,266.0,0.335,654.0,0.335,745.0,0.352,723.0,0.337,684.0,0.358,10365,0.31737727217079065,2.136961258294669e-05
224,Ehire Adrianza,8418,1989-08-21,209,0.327,101.0,0.287,236.0,0.349,366.0,0.301,186.0,0.324,71.0,0.299,11911,0.2838239046879784,0.0018641752063927736
225,Jose Rondon,14140,1994-03-03,90,0.322,0.0,0.0,157.0,0.263,107.0,0.28,0.0,0.0,26.0,0.154,10256,0.26925870148172365,0.00278164456939394
226,Eric Haase,14111,1992-12-18,381,0.286,19.0,0.211,17.0,0.118,17.0,0.176,0.0,0.0,0.0,0.0,10696,0.24309888247440836,0.001840505884944624
227,Lars Nootbaar,21454,1997-09-08,124,0.317,0.0,0.0,0.0,0.0,0.0,0.0,0.0,0.0,0.0,0.0,8971,0.2628060139169109,0.002936988127574057
228,Eddie Rosario,12155,1991-09-28,412,0.305,231.0,0.316,590.0,0.3,592.0,0.3229999999999999,589.0,0.3279999999999999,354.0,0.295,11143,0.3058668808745309,7.514824506274692e-07
229,Kyle Farmer,14813,1990-08-17,529,0.316,70.0,0.3289999999999999,197.0,0.2789999999999999,77.0,0.312,20.0,0.3,0.0,0.0,11550,0.29749579059450604,0.00034240576572237136
230,Austin Nola,15941,1989-12-28,194,0.34,184.0,0.353,267.0,0.342,0.0,0.0,0.0,0.0,0.0,0.0,11782,0.3262689686637078,0.00018854122155823893
231,Amed Rosario,15518,1995-11-20,588,0.321,147.0,0.272,655.0,0.3229999999999999,592.0,0.295,170.0,0.271,0.0,0.0,9629,0.27126536698745884,0.0024735337208921493
232,Joc Pederson,11899,1992-04-21,481,0.31,138.0,0.285,514.0,0.3389999999999999,443.0,0.321,323.0,0.331,476.0,0.352,10937,0.2848952977892912,0.0006302460730883683
233,Jake McCarthy,21622,1997-07-30,70,0.3329999999999999,0.0,0.0,0.0,0.0,0.0,0.0,0.0,0.0,0.0,0.0,9011,0.28453316619060753,0.0023490339795072595
234,Manny Pina,2829,1987-06-05,208,0.293,45.0,0.3329999999999999,179.0,0.313,337.0,0.307,359.0,0.327,81.0,0.346,12719,0.288559144706979,1.9721195733552294e-05
235,DJ LeMahieu,9874,1988-07-13,679,0.349,216.0,0.421,655.0,0.375,581.0,0.321,682.0,0.374,635.0,0.416,12315,0.37129912112762137,0.0004972508030643307
236,Seth Brown,18171,1992-07-13,307,0.2739999999999999,5.0,0.0,83.0,0.361,0.0,0.0,0.0,0.0,0.0,0.0,10854,0.31235911889163276,0.001471422002142424
237,Bobby Bradley,17278,1996-05-29,279,0.294,0.0,0.0,49.0,0.245,0.0,0.0,0.0,0.0,0.0,0.0,9438,0.26469011135134557,0.0008590695725965208
238,Gary Sanchez,11442,1992-12-02,440,0.307,178.0,0.253,446.0,0.316,374.0,0.291,525.0,0.345,229.0,0.376,10712,0.2704384634323605,0.00133674595618684
239,Brian Anderson,18289,1993-05-19,264,0.337,229.0,0.345,520.0,0.342,670.0,0.357,95.0,0.337,0.0,0.0,10544,0.3217715747919823,0.00023190493431618904
240,Kyle Garlick,18063,1992-01-26,107,0.28,23.0,0.174,53.0,0.321,0.0,0.0,0.0,0.0,0.0,0.0,11023,0.23905282367348227,0.0016766712491149364
241,Adolis Garcia,19287,1993-03-02,622,0.286,7.0,0.143,0.0,0.0,17.0,0.118,0.0,0.0,0.0,0.0,10622,0.231947223647213,0.0029217026314444054
242,David Peralta,2136,1987-08-14,538,0.325,218.0,0.3389999999999999,423.0,0.3429999999999999,614.0,0.352,577.0,0.352,183.0,0.295,12649,0.32864970947835936,1.3320379276426102e-05
243,J.P. Crawford,15491,1995-01-11,687,0.3379999999999999,232.0,0.336,396.0,0.313,138.0,0.319,87.0,0.356,0.0,0.0,9942,0.31891155184448194,0.0003643688529858973
244,Alex Dickerson,12649,1990-05-26,312,0.304,170.0,0.371,190.0,0.332,0.0,0.0,0.0,0.0,285.0,0.3329999999999999,11633,0.333260455118755,0.0008561742337566771
245,Brett Phillips,14735,1994-05-30,292,0.3,59.0,0.305,79.0,0.247,147.0,0.252,98.0,0.351,0.0,0.0,10168,0.2786069274448259,0.00045766355335094273
246,Jazz Chisholm Jr.,20454,1998-02-01,507,0.303,62.0,0.242,0.0,0.0,0.0,0.0,0.0,0.0,0.0,0.0,8825,0.27109860735989466,0.0010176988523781666
247,Travis Jankowski,13768,1991-06-15,157,0.364,17.0,0.176,24.0,0.25,387.0,0.332,87.0,0.282,383.0,0.332,11248,0.2389687990620002,0.01563280120799848
248,Odubel Herrera,11476,1991-12-29,492,0.31,0.0,0.0,139.0,0.288,597.0,0.31,563.0,0.325,656.0,0.361,11051,0.2871393610240306,0.0005226088143896114
249,Leury Garcia,5913,1991-03-18,474,0.335,63.0,0.317,618.0,0.31,275.0,0.303,326.0,0.316,50.0,0.26,11337,0.29000744188725575,0.0020243302855286706
250,Jacob Stallings,13723,1989-12-22,427,0.335,143.0,0.326,210.0,0.325,41.0,0.268,16.0,0.4379999999999999,15.0,0.4,11788,0.3079704978510735,0.0007305939864188234
251,Wilmer Difo,14320,1992-04-02,240,0.3289999999999999,18.0,0.222,144.0,0.315,456.0,0.298,365.0,0.319,66.0,0.364,10956,0.24733555369914173,0.006669081789625748
252,Matt Chapman,16505,1993-04-28,622,0.314,152.0,0.276,670.0,0.342,616.0,0.356,326.0,0.313,0.0,0.0,10565,0.2780301345062395,0.001293831223639224
253,Miguel Rojas,7802,1989-02-24,539,0.322,143.0,0.392,526.0,0.331,528.0,0.297,306.0,0.361,214.0,0.288,12089,0.3356906985237572,0.0001874352260684077
254,Jed Lowrie,4418,1984-04-17,512,0.318,0.0,0.0,8.0,0.125,680.0,0.353,645.0,0.36,369.0,0.314,13863,0.19227912558610796,0.015805738263393616
255,Luis Torrens,15905,1996-05-02,378,0.299,78.0,0.325,16.0,0.313,0.0,0.0,139.0,0.243,0.0,0.0,9465,0.29450391580986746,2.021477304475971e-05
256,Alex Avila,7476,1987-01-29,111,0.345,62.0,0.355,201.0,0.353,234.0,0.299,376.0,0.387,209.0,0.359,12846,0.3031216172338939,0.001753798943104489
257,Myles Straw,17620,1994-10-17,638,0.349,86.0,0.244,128.0,0.3779999999999999,10.0,0.4,0.0,0.0,0.0,0.0,10028,0.2609475531715693,0.007753233392473609
258,Aledmys Diaz,15937,1990-08-01,319,0.317,59.0,0.254,247.0,0.356,452.0,0.303,301.0,0.29,460.0,0.369,11566,0.2674053136650962,0.0024596329126574962
259,Luis Guillorme,16451,1994-09-27,156,0.374,68.0,0.426,70.0,0.324,74.0,0.284,0.0,0.0,0.0,0.0,10048,0.33645462193336734,0.001409655414166381
260,Kevin Kiermaier,11038,1990-04-22,390,0.3279999999999999,159.0,0.321,480.0,0.278,367.0,0.282,421.0,0.3379999999999999,414.0,0.331,11667,0.30699577581343224,0.00044117743367959414
261,Anthony Rendon,12861,1990-06-06,249,0.3289999999999999,232.0,0.418,646.0,0.412,597.0,0.374,605.0,0.4029999999999999,647.0,0.348,11622,0.3770520186915502,0.0023089965003330985
262,Anthony Alford,14329,1994-07-20,148,0.311,29.0,0.241,30.0,0.233,21.0,0.19,8.0,0.125,0.0,0.0,10117,0.2496282692216913,0.0037664893387252046
263,D.J. Stewart,17766,1993-11-30,318,0.324,112.0,0.355,142.0,0.317,47.0,0.34,0.0,0.0,0.0,0.0,10349,0.3201048048583341,1.517254519165778e-05
264,Nick Maton,21635,1997-02-18,131,0.3229999999999999,0.0,0.0,0.0,0.0,0.0,0.0,0.0,0.0,0.0,0.0,9173,0.28269571148028527,0.0016244356730804003
265,Sean Murphy,19352,1994-10-04,448,0.306,140.0,0.364,60.0,0.3329999999999999,0.0,0.0,0.0,0.0,0.0,0.0,10041,0.32846002995233414,0.0005044529454597471
266,Gio Urshela,10681,1991-10-11,442,0.301,174.0,0.368,476.0,0.355,46.0,0.283,165.0,0.262,0.0,0.0,11130,0.3335030278965349,0.0010564468224429273
267,Max Kepler,12144,1993-02-10,490,0.306,196.0,0.321,596.0,0.336,611.0,0.319,568.0,0.312,447.0,0.309,10642,0.3052511275483284,5.608099488726336e-07
268,Starlin Castro,4579,1990-03-24,346,0.3329999999999999,63.0,0.302,676.0,0.3,647.0,0.3289999999999999,473.0,0.3379999999999999,610.0,0.3,11696,0.28737226527876564,0.0020818901757913275
269,Yan Gomes,9627,1987-07-19,375,0.301,119.0,0.319,358.0,0.316,435.0,0.313,383.0,0.309,264.0,0.201,12675,0.2965696427750991,1.9628065140231353e-05
270,Kyle Seager,9785,1987-11-03,670,0.285,248.0,0.355,443.0,0.321,630.0,0.273,650.0,0.3229999999999999,676.0,0.359,12568,0.3413030553667437,0.003170034043630611
271,Michael Hermosillo,16285,1995-01-17,38,0.237,10.0,0.3,46.0,0.304,62.0,0.2739999999999999,0.0,0.0,0.0,0.0,9936,0.2471364036709452,0.00010274667938035141
272,Tommy La Stella,12371,1989-01-31,242,0.308,228.0,0.37,321.0,0.346,192.0,0.34,151.0,0.389,169.0,0.357,12113,0.3449739691382162,0.0013670743938337649
273,Chad Pinder,15191,1992-03-29,233,0.3,61.0,0.295,370.0,0.29,333.0,0.332,309.0,0.292,55.0,0.273,10960,0.2791665628870081,0.0004340321019409884
274,Gleyber Torres,16997,1996-12-13,516,0.331,160.0,0.356,604.0,0.337,484.0,0.34,0.0,0.0,0.0,0.0,9240,0.3192449050696327,0.0001381822568219471
275,Anthony Santander,14551,1994-10-19,438,0.286,165.0,0.315,405.0,0.297,108.0,0.25,31.0,0.258,0.0,0.0,10026,0.2968981483292838,0.00011876963700707168
276,Alex Kirilloff,20325,1997-11-09,231,0.299,0.0,0.0,0.0,0.0,0.0,0.0,0.0,0.0,0.0,0.0,8909,0.2582270904084621,0.0016624301565597232
277,Andrew Vaughn,26197,1998-04-03,469,0.309,0.0,0.0,0.0,0.0,0.0,0.0,0.0,0.0,0.0,0.0,8764,0.2756713238029095,0.0011108006570505076
278,Whit Merrifield,11281,1989-01-24,720,0.317,265.0,0.325,735.0,0.348,707.0,0.367,630.0,0.324,332.0,0.3229999999999999,12120,0.31778345398358243,6.138001443911742e-07
279,Adalberto Mondesi,13769,1995-07-27,136,0.271,233.0,0.294,443.0,0.291,291.0,0.306,60.0,0.214,149.0,0.231,9745,0.2992069502428829,0.0007956320420044711
280,Eugenio Suarez,12552,1991-07-18,574,0.286,231.0,0.312,662.0,0.358,606.0,0.366,632.0,0.367,627.0,0.317,11215,0.3042298407838356,0.0003323270950039959
281,Brian Goodwin,12858,1990-11-02,271,0.319,164.0,0.299,458.0,0.326,180.0,0.318,278.0,0.313,44.0,0.318,11473,0.2959045969868781,0.0005333976403385205
282,Rowdy Tellez,15679,1995-03-16,325,0.305,127.0,0.346,409.0,0.293,73.0,0.3289999999999999,0.0,0.0,0.0,0.0,9878,0.3144745126266253,8.97663895120822e-05
283,Derek Hill,16947,1995-12-30,150,0.313,12.0,0.1669999999999999,0.0,0.0,0.0,0.0,0.0,0.0,0.0,0.0,9589,0.24082774082866815,0.005208834993893895
284,Freddy Galvis,6609,1989-11-14,394,0.302,159.0,0.308,589.0,0.296,656.0,0.299,663.0,0.309,624.0,0.2739999999999999,11826,0.3003403716832625,2.7543661497169267e-06
285,Brett Gardner,9927,1983-08-24,461,0.327,158.0,0.354,550.0,0.325,609.0,0.322,682.0,0.35,634.0,0.351,14100,0.3351734177714794,6.680475806713522e-05
286,Justin Upton,5222,1987-08-25,362,0.296,166.0,0.289,256.0,0.309,613.0,0.344,635.0,0.361,626.0,0.31,12638,0.2860838122893679,9.833077871249057e-05
287,Miguel Cabrera,1744,1983-04-18,526,0.316,231.0,0.3289999999999999,549.0,0.346,157.0,0.395,529.0,0.3289999999999999,679.0,0.3929999999999999,14228,0.3196944362893831,1.3648859496310741e-05
288,Raimel Tapia,14350,1994-02-04,533,0.327,206.0,0.369,447.0,0.309,27.0,0.259,171.0,0.3289999999999999,41.0,0.293,10283,0.3376934344296437,0.00011434953990108952
289,Tyler Wade,15730,1994-11-23,145,0.354,105.0,0.288,108.0,0.33,70.0,0.214,63.0,0.222,0.0,0.0,9991,0.2813087176230474,0.00528402253360586
290,Jose Iglesias,10231,1990-01-05,511,0.309,150.0,0.4,530.0,0.318,464.0,0.31,489.0,0.288,513.0,0.306,11774,0.341742735284981,0.0010720867139423402
291,Christian Walker,13419,1991-03-28,445,0.315,243.0,0.3329999999999999,603.0,0.348,53.0,0.226,15.0,0.4,0.0,0.0,11327,0.3160362635007802,1.0738420430491876e-06
292,Yonathan Daza,15794,1994-02-28,331,0.332,0.0,0.0,105.0,0.257,0.0,0.0,0.0,0.0,0.0,0.0,10259,0.2664484705079262,0.004297003018750224
293,William Contreras,20503,1997-12-24,185,0.303,10.0,0.4,0.0,0.0,0.0,0.0,0.0,0.0,0.0,0.0,8864,0.2617433196735425,0.001702113671559507
294,Gavin Lux,19955,1997-11-23,381,0.3279999999999999,69.0,0.246,82.0,0.305,0.0,0.0,0.0,0.0,0.0,0.0,8895,0.27120570627022966,0.003225591800263419
295,Pablo Reyes,16357,1993-09-05,87,0.3329999999999999,0.0,0.0,157.0,0.2739999999999999,63.0,0.349,0.0,0.0,0.0,0.0,10435,0.27622446414542184,0.003223461471574479
296,Abraham Toro,19844,1996-12-20,375,0.315,97.0,0.237,89.0,0.303,0.0,0.0,0.0,0.0,0.0,0.0,9233,0.26168749242348327,0.002842223464096154
297,Aristides Aquino,15482,1994-04-22,204,0.299,56.0,0.304,225.0,0.316,1.0,0.0,0.0,0.0,0.0,0.0,10206,0.27671937998099433,0.0004964260284313157
298,Jo Adell,20220,1999-04-08,140,0.295,132.0,0.212,0.0,0.0,0.0,0.0,0.0,0.0,0.0,0.0,8394,0.25484068106841284,0.0016127708970489333
299,Albert Pujols,1177,1980-01-16,296,0.284,163.0,0.27,545.0,0.305,498.0,0.289,636.0,0.286,650.0,0.3229999999999999,15416,0.27006736905960954,0.00019411820492112482
300,Harold Ramirez,14387,1994-09-06,361,0.305,11.0,0.273,446.0,0.312,0.0,0.0,0.0,0.0,0.0,0.0,10069,0.2441886849097653,0.0036980160430038047
301,Josh Naylor,18839,1997-06-22,250,0.301,104.0,0.291,279.0,0.315,0.0,0.0,0.0,0.0,0.0,0.0,9049,0.2828180453437518,0.0003305834751218644
302,Cesar Hernandez,10556,1990-05-23,637,0.308,261.0,0.355,667.0,0.3329999999999999,708.0,0.356,577.0,0.373,622.0,0.371,11636,0.33245529354100084,0.0005980613821765176
303,Yoshi Tsutsugo,27459,1991-11-26,262,0.307,185.0,0.314,0.0,0.0,0.0,0.0,0.0,0.0,0.0,0.0,11084,0.30317839516555534,1.4604663510650785e-05
304,Ke'Bryan Hayes,18577,1997-01-28,396,0.316,95.0,0.442,0.0,0.0,0.0,0.0,0.0,0.0,0.0,0.0,9194,0.34257252368268104,0.0007060990148666446
305,Willie Calhoun,17838,1994-11-04,284,0.31,108.0,0.231,337.0,0.3229999999999999,108.0,0.2689999999999999,37.0,0.324,0.0,0.0,10010,0.2535713739685347,0.003184189835798965
306,Manuel Margot,14712,1994-09-28,464,0.313,159.0,0.327,441.0,0.304,519.0,0.292,529.0,0.313,37.0,0.243,10047,0.3042083702181511,7.72927542210923e-05
307,Tommy Edman,19470,1995-05-09,691,0.308,227.0,0.317,349.0,0.35,0.0,0.0,0.0,0.0,0.0,0.0,9824,0.3079276403517628,5.235918693012475e-09
308,Edward Olivares,19698,1996-03-06,111,0.291,101.0,0.267,0.0,0.0,0.0,0.0,0.0,0.0,0.0,0.0,9522,0.2721914336491157,0.00035376216817561686
309,Brent Rooker,19627,1994-11-01,213,0.291,21.0,0.381,0.0,0.0,0.0,0.0,0.0,0.0,0.0,0.0,10013,0.2714374501780376,0.00038269335553676
310,Jeff McNeil,15362,1992-04-08,426,0.319,209.0,0.3829999999999999,567.0,0.384,248.0,0.381,0.0,0.0,0.0,0.0,10950,0.3479660701199928,0.0008390332181963399
311,Zack Collins,19181,1995-02-06,231,0.33,18.0,0.1669999999999999,102.0,0.307,0.0,0.0,0.0,0.0,0.0,0.0,9916,0.23688162561696263,0.008671031647739512
312,Trevor Larnach,21501,1997-02-26,301,0.322,0.0,0.0,0.0,0.0,0.0,0.0,0.0,0.0,0.0,0.0,9165,0.2534913199394579,0.004693439243637721
313,Tucker Barnhart,10200,1991-01-07,388,0.317,110.0,0.291,364.0,0.3279999999999999,522.0,0.3279999999999999,423.0,0.347,420.0,0.3229999999999999,11407,0.2884665155724978,0.0008141597335745104
314,Yohel Pozo,18848,1997-06-14,77,0.312,0.0,0.0,0.0,0.0,0.0,0.0,0.0,0.0,0.0,0.0,9057,0.2637860539117222,0.0023245845974033566
315,Randal Grichuk,10243,1991-08-13,545,0.281,231.0,0.312,628.0,0.28,462.0,0.301,442.0,0.285,478.0,0.289,11189,0.3040747132038343,0.0005324423894392027
316,Mitch Moreland,3086,1985-09-06,252,0.286,152.0,0.342,335.0,0.3279999999999999,459.0,0.325,576.0,0.326,503.0,0.298,13356,0.3186599573988441,0.001066672817294314
317,Bradley Zimmer,16221,1992-11-27,348,0.325,50.0,0.36,14.0,0.071,114.0,0.281,332.0,0.307,0.0,0.0,10717,0.29040359982460257,0.0011969109050962404
318,Pedro Severino,14523,1993-07-20,419,0.308,178.0,0.322,341.0,0.321,213.0,0.254,31.0,0.226,34.0,0.441,10482,0.3040322659391856,1.5742913577346805e-05
319,Nick Solak,19294,1995-01-11,511,0.314,233.0,0.326,135.0,0.3929999999999999,0.0,0.0,0.0,0.0,0.0,0.0,9942,0.3132002630967594,6.395791144048468e-07
320,Victor Reyes,15487,1994-10-05,220,0.284,213.0,0.315,292.0,0.336,219.0,0.239,0.0,0.0,0.0,0.0,10040,0.3028093739009618,0.0003537925465461838
321,Cavan Biggio,19252,1995-04-11,294,0.322,265.0,0.375,430.0,0.364,0.0,0.0,0.0,0.0,0.0,0.0,9852,0.35131181906114617,0.0008591827366733714
322,Jake Lamb,13329,1990-10-09,170,0.306,99.0,0.283,226.0,0.3229999999999999,238.0,0.307,635.0,0.357,594.0,0.332,11497,0.2838588115371027,0.0004902322265495369
323,Phil Gosselin,10953,1988-10-03,373,0.314,102.0,0.324,68.0,0.294,28.0,0.25,50.0,0.18,240.0,0.324,12233,0.3010056779943317,0.00016885240438699548
324,Asdrubal Cabrera,4962,1985-11-13,352,0.313,213.0,0.305,514.0,0.342,592.0,0.316,540.0,0.351,568.0,0.336,13288,0.3061185393932622,4.735450008208386e-05
325,Kevin Pillar,12434,1989-01-04,347,0.2769999999999999,223.0,0.336,645.0,0.287,542.0,0.282,632.0,0.3,584.0,0.303,12140,0.32461854944785773,0.00226752625151808
326,Hanser Alberto,11902,1992-10-17,255,0.291,231.0,0.306,550.0,0.3289999999999999,30.0,0.241,0.0,0.0,58.0,0.143,10758,0.2996097467308865,7.412773877001062e-05
327,Brandon Marsh,20202,1997-12-18,260,0.317,0.0,0.0,0.0,0.0,0.0,0.0,0.0,0.0,0.0,0.0,8870,0.2550360056089703,0.003839536600891564
328,Rob Refsnyder,13770,1991-03-26,157,0.325,34.0,0.265,0.0,0.0,103.0,0.314,98.0,0.247,175.0,0.3279999999999999,11329,0.26557592172244576,0.0035312210791368947
329,Jordy Mercer,6547,1986-08-27,127,0.307,22.0,0.273,271.0,0.31,436.0,0.315,558.0,0.326,584.0,0.3279999999999999,13001,0.24205490556301085,0.004217865291429439
330,Dom Nunez,15055,1995-01-17,263,0.293,0.0,0.0,43.0,0.233,0.0,0.0,0.0,0.0,0.0,0.0,9936,0.25378681030406663,0.0015376742461292532
331,Yu Chang,14773,1995-08-18,251,0.267,13.0,0.308,84.0,0.286,0.0,0.0,0.0,0.0,0.0,0.0,9723,0.2536722479427175,0.00017762897490039892
332,Carlos Santana,2396,1986-04-08,659,0.319,255.0,0.349,686.0,0.397,679.0,0.352,667.0,0.363,688.0,0.366,13142,0.3382806199885892,0.00037174230714438576
333,Oscar Mercado,16375,1994-12-16,238,0.3,93.0,0.174,482.0,0.318,0.0,0.0,0.0,0.0,0.0,0.0,9968,0.23314205341705613,0.004469985021287775
334,Breyvic Valera,12758,1992-01-08,97,0.313,0.0,0.0,52.0,0.308,75.0,0.301,11.0,0.182,0.0,0.0,11041,0.2797892549138291,0.001102953589178624
335,Paul DeJong,18015,1993-08-02,402,0.284,174.0,0.322,664.0,0.318,490.0,0.313,443.0,0.325,0.0,0.0,10469,0.30377392899900796,0.0003910082680578089
336,Jurickson Profar,10815,1993-02-20,412,0.3289999999999999,202.0,0.3429999999999999,518.0,0.301,594.0,0.335,70.0,0.294,307.0,0.321,10632,0.31890297021648173,0.00010195001044925307
337,Grayson Greiner,17062,1992-10-11,82,0.321,55.0,0.182,224.0,0.251,116.0,0.3279999999999999,0.0,0.0,0.0,0.0,10764,0.24101434404519897,0.006397705158519798
338,Hunter Dozier,15117,1991-08-22,543,0.285,186.0,0.344,586.0,0.348,388.0,0.278,0.0,0.0,21.0,0.286,11180,0.32008285444659246,0.0012308066761207938
339,Isiah Kiner-Falefa,16512,1995-03-23,677,0.312,228.0,0.3289999999999999,222.0,0.299,396.0,0.325,0.0,0.0,0.0,0.0,9871,0.31447248045908505,6.113159620557404e-06
340,Kole Calhoun,11200,1987-10-14,182,0.297,228.0,0.3379999999999999,632.0,0.325,552.0,0.283,654.0,0.3329999999999999,672.0,0.348,12588,0.32928210404957914,0.0010421342418678546
341,Guillermo Heredia,18721,1991-01-31,347,0.311,36.0,0.278,231.0,0.306,337.0,0.318,426.0,0.315,107.0,0.349,11383,0.2699917273484508,0.0016816784258637993
342,Charlie Culberson,3298,1989-04-10,271,0.296,7.0,0.143,144.0,0.294,322.0,0.326,15.0,0.267,68.0,0.294,12044,0.21645798006471112,0.0063269329353858915
343,Jose Rojas,19331,1993-02-24,184,0.2769999999999999,0.0,0.0,0.0,0.0,0.0,0.0,0.0,0.0,0.0,0.0,10628,0.273450415890566,1.2599547349945659e-05
344,Luis Garcia,20391,2000-05-16,247,0.275,139.0,0.302,0.0,0.0,0.0,0.0,0.0,0.0,0.0,0.0,7990,0.2927661054645452,0.0003156345033773413
345,Travis d'Arnaud,7739,1989-02-10,229,0.284,184.0,0.386,391.0,0.312,16.0,0.25,376.0,0.293,276.0,0.307,12103,0.3434234597007201,0.0035311475628031063
346,Jorge Mateo,17273,1995-06-23,209,0.293,28.0,0.185,0.0,0.0,0.0,0.0,0.0,0.0,0.0,0.0,9779,0.24265199435505638,0.0025349216724232728
347,Harold Castro,14691,1993-11-30,339,0.31,54.0,0.407,369.0,0.305,10.0,0.3,0.0,0.0,0.0,0.0,10349,0.3139187091259456,1.5356281213769386e-05
348,Tom Murphy,13499,1991-04-03,325,0.304,0.0,0.0,281.0,0.324,96.0,0.25,26.0,0.115,49.0,0.347,11321,0.3047798599779957,6.081815852795064e-07
349,Dominic Smith,15653,1995-06-15,493,0.304,199.0,0.377,197.0,0.355,149.0,0.255,183.0,0.262,0.0,0.0,9787,0.3430190363501039,0.0015224851976907293
350,Pablo Sandoval,5409,1986-08-11,86,0.302,94.0,0.287,296.0,0.313,252.0,0.31,279.0,0.265,7.0,0.143,13017,0.2631257650264588,0.0015112061447780938
351,Yadier Molina,7007,1982-07-13,473,0.297,156.0,0.303,452.0,0.312,503.0,0.314,543.0,0.312,581.0,0.36,14507,0.2925206531986617,2.006454776665938e-05
352,Rougned Odor,12282,1994-02-03,361,0.286,148.0,0.209,581.0,0.283,535.0,0.326,651.0,0.252,632.0,0.296,10284,0.2429859164548398,0.0018502113832300194
353,Ryan Jeffers,24618,1997-06-03,293,0.27,62.0,0.355,0.0,0.0,0.0,0.0,0.0,0.0,0.0,0.0,9068,0.29397175716778956,0.0005746451417114693
354,Clint Frazier,15983,1994-09-06,218,0.317,160.0,0.3939999999999999,246.0,0.317,41.0,0.39,142.0,0.268,0.0,0.0,10069,0.35301079516975176,0.0012967773687578162
355,Christian Vazquez,9774,1990-08-21,498,0.308,189.0,0.344,521.0,0.32,269.0,0.257,345.0,0.33,184.0,0.2769999999999999,11546,0.32144745340017006,0.00018083400294974537
356,Curt Casali,12510,1988-11-09,231,0.313,93.0,0.366,236.0,0.331,156.0,0.355,13.0,0.462,256.0,0.273,12196,0.3160999681959815,9.609802816096903e-06
357,Emmanuel Rivera,19890,1996-06-29,98,0.316,0.0,0.0,0.0,0.0,0.0,0.0,0.0,0.0,0.0,0.0,9407,0.29336383017400747,0.000512396184391175
358,Travis Shaw,11982,1990-04-16,250,0.286,180.0,0.306,270.0,0.281,587.0,0.345,606.0,0.349,530.0,0.306,11673,0.3015183979075143,0.0002408206736159443
359,Reese McGuire,15674,1995-03-02,217,0.31,45.0,0.073,105.0,0.346,33.0,0.3329999999999999,0.0,0.0,0.0,0.0,9892,0.2345223888466286,0.005696869785419534
360,Rene Rivera,3648,1983-07-31,78,0.293,4.0,0.25,20.0,0.35,91.0,0.275,237.0,0.305,207.0,0.291,14124,0.21312199067067697,0.006380496374415415
361,Garrett Hampson,19262,1994-10-10,494,0.289,184.0,0.287,327.0,0.302,48.0,0.396,0.0,0.0,0.0,0.0,10035,0.2831612850062886,3.4090592777789827e-05
362,Lewin Diaz,18365,1996-11-19,128,0.242,41.0,0.195,0.0,0.0,0.0,0.0,0.0,0.0,0.0,0.0,9264,0.2545578733957745,0.00015770018422430152
363,Miguel Andujar,15878,1995-03-02,162,0.284,65.0,0.2769999999999999,49.0,0.143,606.0,0.3279999999999999,8.0,0.625,0.0,0.0,9892,0.2723986240464216,0.00013459192401626602
364,Renato Nunez,14503,1994-04-04,55,0.218,216.0,0.324,599.0,0.311,261.0,0.322,16.0,0.25,15.0,0.133,10224,0.3080139638419953,0.00810251368654804
365,Jake Marisnick,11339,1991-03-30,198,0.286,34.0,0.353,318.0,0.289,235.0,0.275,259.0,0.319,311.0,0.257,11325,0.2795176438942399,4.2020940681885116e-05
366,Nick Martini,12005,1990-06-27,45,0.356,0.0,0.0,109.0,0.33,179.0,0.397,0.0,0.0,0.0,0.0,11601,0.3066905202260548,0.0024314247955771083
367,Josh VanMeter,15170,1995-03-10,310,0.297,79.0,0.228,260.0,0.327,0.0,0.0,0.0,0.0,0.0,0.0,9884,0.2553482136192538,0.001734871308707313
368,Nick Senzel,19293,1995-06-29,124,0.3229999999999999,78.0,0.247,414.0,0.315,0.0,0.0,0.0,0.0,0.0,0.0,9773,0.26352444142337544,0.0035373420680014866
369,Niko Goodrum,12092,1992-02-28,325,0.292,179.0,0.263,472.0,0.322,492.0,0.315,18.0,0.111,0.0,0.0,10990,0.27725012039382485,0.00021755894839666106
370,Michael A. Taylor,11489,1991-03-26,528,0.297,99.0,0.253,97.0,0.305,385.0,0.287,432.0,0.32,237.0,0.278,11329,0.26876136558777297,0.0007974204734674117
371,Webster Rivas,14636,1990-08-08,77,0.303,0.0,0.0,0.0,0.0,0.0,0.0,0.0,0.0,0.0,0.0,11559,0.2930381262122566,9.923892936292864e-05
372,Alec Bohm,21618,1996-08-03,417,0.305,180.0,0.4,0.0,0.0,0.0,0.0,0.0,0.0,0.0,0.0,9372,0.35545650581985,0.0025458589795485575
373,Austin Barnes,12158,1989-12-28,225,0.299,104.0,0.353,242.0,0.293,238.0,0.3289999999999999,262.0,0.408,37.0,0.27,11782,0.314674520639939,0.00024569059729187423
374,Jack Mayfield,15402,1990-09-30,290,0.272,47.0,0.239,65.0,0.1689999999999999,0.0,0.0,0.0,0.0,0.0,0.0,11506,0.260333401899078,0.0001361095112484373
375,Marcell Ozuna,10324,1990-11-12,208,0.288,267.0,0.431,549.0,0.3279999999999999,628.0,0.325,679.0,0.376,608.0,0.321,11463,0.39595657927145544,0.011654623007994048
376,Mike Moustakas,4892,1988-09-11,206,0.282,163.0,0.331,584.0,0.3289999999999999,635.0,0.315,598.0,0.314,113.0,0.301,12255,0.31260410870276556,0.0009366114694906924
377,Luke Williams,19931,1996-08-09,108,0.315,0.0,0.0,0.0,0.0,0.0,0.0,0.0,0.0,0.0,0.0,9366,0.2558365594452697,0.0035003126982731093
378,Taylor Jones,19533,1993-12-06,108,0.2689999999999999,22.0,0.2269999999999999,0.0,0.0,0.0,0.0,0.0,0.0,0.0,0.0,10343,0.24426271061212862,0.0006119334862592894
379,Nick Gordon,16337,1995-10-24,216,0.292,0.0,0.0,0.0,0.0,0.0,0.0,0.0,0.0,0.0,0.0,9656,0.2651636870328723,0.0007201876936696255
380,Josh Reddick,3892,1987-02-19,158,0.285,210.0,0.316,550.0,0.319,487.0,0.318,540.0,0.363,439.0,0.345,12825,0.3138354630621199,0.0008314839300068826
381,Zach McKinstry,19392,1995-04-29,172,0.263,7.0,0.286,0.0,0.0,0.0,0.0,0.0,0.0,0.0,0.0,9834,0.24539434891212805,0.00030995895022788714
382,Jon Berti,12037,1990-01-22,271,0.311,149.0,0.3879999999999999,287.0,0.348,15.0,0.267,0.0,0.0,0.0,0.0,11757,0.33672763426393126,0.0006619111648186101
383,Cole Tucker,17326,1996-07-03,131,0.298,116.0,0.252,159.0,0.266,0.0,0.0,0.0,0.0,0.0,0.0,9403,0.26408572158258525,0.0011501782805739228
384,Gerardo Parra,8553,1987-05-06,107,0.292,0.0,0.0,301.0,0.293,443.0,0.342,425.0,0.341,381.0,0.271,12749,0.2972936872007597,2.8023124179487422e-05
385,Kurt Suzuki,8259,1983-10-04,247,0.294,129.0,0.349,309.0,0.324,388.0,0.332,309.0,0.351,373.0,0.301,14059,0.3224307114736987,0.0008083053549007023
386,Jonathan Arauz,20275,1998-08-03,75,0.2739999999999999,80.0,0.325,0.0,0.0,0.0,0.0,0.0,0.0,0.0,0.0,8642,0.2873163347592159,0.00017732477141950447
387,Rodolfo Castro,21987,1999-05-21,93,0.258,0.0,0.0,0.0,0.0,0.0,0.0,0.0,0.0,0.0,0.0,8351,0.26792629266934087,9.853128615741017e-05
388,James McCann,12859,1990-06-13,412,0.294,111.0,0.36,476.0,0.3279999999999999,457.0,0.267,391.0,0.318,373.0,0.272,11615,0.3189606831692448,0.0006230357042754218
389,Daz Cameron,18353,1997-01-15,115,0.278,59.0,0.22,0.0,0.0,0.0,0.0,0.0,0.0,0.0,0.0,9207,0.2614128197933217,0.000275134547208821
390,Jose Peraza,13593,1994-04-30,154,0.266,120.0,0.275,403.0,0.285,683.0,0.326,518.0,0.297,256.0,0.352,10198,0.2749594328307813,8.027143664928122e-05
391,Aaron Hicks,5297,1989-10-02,126,0.294,211.0,0.379,255.0,0.325,581.0,0.366,361.0,0.372,361.0,0.281,11869,0.34569818473985536,0.0026727023053962156
392,Hoy Park,18027,1996-04-07,150,0.297,0.0,0.0,0.0,0.0,0.0,0.0,0.0,0.0,0.0,0.0,9490,0.2639532622994039,0.001092086872651998
393,Taylor Walls,22458,1996-07-10,176,0.314,0.0,0.0,0.0,0.0,0.0,0.0,0.0,0.0,0.0,0.0,9396,0.2809112801443214,0.001094863381687581
394,Sergio Alcantara,16417,1996-07-10,255,0.303,23.0,0.217,0.0,0.0,0.0,0.0,0.0,0.0,0.0,0.0,9396,0.2543936639911141,0.0023625759002087144
395,Stephen Piscotty,13367,1991-01-14,188,0.282,171.0,0.271,393.0,0.309,605.0,0.331,401.0,0.342,649.0,0.3429999999999999,11400,0.28222020403084874,4.8489815202045876e-08
396,Phillip Evans,12950,1992-09-10,247,0.312,45.0,0.444,0.0,0.0,23.0,0.217,38.0,0.395,0.0,0.0,10795,0.3133480804151737,1.817320805774902e-06
397,Mauricio Dubon,16530,1994-07-19,187,0.278,177.0,0.337,111.0,0.306,0.0,0.0,0.0,0.0,0.0,0.0,10118,0.31189373793136466,0.0011487854709600256
398,Michael Chavis,17321,1995-08-11,124,0.258,158.0,0.259,382.0,0.322,0.0,0.0,0.0,0.0,0.0,0.0,9730,0.2650497264047024,4.9698642381158464e-05
399,Andres Gimenez,19950,1998-09-04,210,0.282,132.0,0.3329999999999999,0.0,0.0,0.0,0.0,0.0,0.0,0.0,0.0,8610,0.29955579975919916,0.0003082061051850982
400,Eddy Alvarez,16959,1990-01-30,74,0.297,41.0,0.268,0.0,0.0,0.0,0.0,0.0,0.0,0.0,0.0,11749,0.27000236436482694,0.0007288723298895655
401,Billy McKinney,15654,1994-08-23,300,0.28,3.0,0.667,276.0,0.2739999999999999,132.0,0.318,0.0,0.0,0.0,0.0,10083,0.3159208766031077,0.0012903093759356876
402,Rafael Marchan,21646,1999-02-25,56,0.286,9.0,0.556,0.0,0.0,0.0,0.0,0.0,0.0,0.0,0.0,8436,0.2572806125585068,0.000824803215014595
403,Cam Gallagher,12981,1992-12-06,124,0.298,60.0,0.356,142.0,0.312,69.0,0.25,27.0,0.3329999999999999,0.0,0.0,10708,0.29684426528834884,1.3357227237153582e-06
404,Andrew Stevenson,17932,1994-06-01,213,0.294,47.0,0.447,37.0,0.486,86.0,0.306,66.0,0.25,0.0,0.0,10166,0.3249698171875241,0.0009591295766286643
405,Jose Devers,20540,1999-12-07,46,0.304,0.0,0.0,0.0,0.0,0.0,0.0,0.0,0.0,0.0,0.0,8151,0.2428138274386207,0.0037437477127108838
406,Carter Kieboom,19958,1997-09-03,249,0.301,122.0,0.344,43.0,0.209,0.0,0.0,0.0,0.0,0.0,0.0,8976,0.30457075660017713,1.2750302697708597e-05
407,Gregory Polanco,12907,1991-09-14,382,0.283,174.0,0.214,167.0,0.301,535.0,0.34,411.0,0.305,587.0,0.3229999999999999,11157,0.25475119953331293,0.0007979947278066979
408,Wilson Ramos,1433,1987-08-10,163,0.248,155.0,0.297,524.0,0.351,416.0,0.358,224.0,0.29,523.0,0.354,12653,0.28860475955044296,0.0016487464981492887
409,Johneshwy Fargas,16446,1994-12-15,54,0.264,0.0,0.0,0.0,0.0,0.0,0.0,0.0,0.0,0.0,0.0,9969,0.2873622345739257,0.0005457940042871278
410,Roman Quinn,13546,1993-05-14,62,0.306,116.0,0.261,122.0,0.298,143.0,0.317,0.0,0.0,69.0,0.373,10549,0.2696401958354745,0.0013220353588826459
411,Didi Gregorius,6012,1990-02-18,408,0.27,237.0,0.3389999999999999,344.0,0.276,569.0,0.335,570.0,0.318,597.0,0.304,11730,0.3234088668837672,0.0028525070618079613
412,Lewis Brinson,14352,1994-05-08,290,0.263,112.0,0.268,248.0,0.236,406.0,0.24,55.0,0.236,0.0,0.0,10190,0.27150456633220943,7.232764849894995e-05
413,Ernie Clement,20352,1996-03-22,133,0.285,0.0,0.0,0.0,0.0,0.0,0.0,0.0,0.0,0.0,0.0,9506,0.2866828751539595,2.832068783814345e-06
414,Jason Heyward,4940,1989-08-09,353,0.28,181.0,0.392,589.0,0.3429999999999999,489.0,0.335,481.0,0.326,592.0,0.306,11923,0.3454454724470648,0.004283109863819515
415,Daniel Johnson,19643,1995-07-11,81,0.259,13.0,0.154,0.0,0.0,0.0,0.0,0.0,0.0,0.0,0.0,9761,0.23675622022348164,0.0004947857387462475
416,Ryan O'Hearn,16442,1993-07-26,254,0.268,132.0,0.303,370.0,0.281,170.0,0.353,0.0,0.0,0.0,0.0,10476,0.29163012737042665,0.000558382919542586
417,Juan Lagares,5384,1989-03-17,327,0.266,0.0,0.0,285.0,0.2789999999999999,64.0,0.375,272.0,0.296,160.0,0.301,12068,0.28647698237829855,0.0004193068073211488
418,Isaac Paredes,20036,1999-02-18,85,0.306,108.0,0.278,0.0,0.0,0.0,0.0,0.0,0.0,0.0,0.0,8443,0.2772997902376887,0.000823702040400669
419,Khris Davis,9112,1987-12-21,114,0.272,99.0,0.303,533.0,0.293,654.0,0.326,652.0,0.336,610.0,0.307,12520,0.2851885094373553,0.00017393678117920923
420,Ronald Torreyes,11400,1992-09-02,344,0.286,7.0,0.143,17.0,0.235,102.0,0.294,336.0,0.314,168.0,0.305,10803,0.23264771743262924,0.0028464660551485712
421,Victor Robles,18363,1997-05-19,369,0.31,189.0,0.293,617.0,0.326,66.0,0.348,27.0,0.308,0.0,0.0,9083,0.29122987439472614,0.0003523176152377573
422,Jorge Alfaro,12180,1993-06-11,311,0.283,100.0,0.28,465.0,0.312,377.0,0.324,114.0,0.36,17.0,0.176,10521,0.2784922766294068,2.0319569985791997e-05
423,Ryan Lavarnway,8879,1987-08-07,30,0.276,11.0,0.364,19.0,0.316,6.0,0.667,13.0,0.385,0.0,0.0,12656,0.28195701499451875,3.548602764492096e-05
424,Victor Caratini,14968,1993-08-17,356,0.309,132.0,0.3329999999999999,279.0,0.348,200.0,0.293,66.0,0.3329999999999999,0.0,0.0,10454,0.3091193670146604,1.4248484188941133e-08
425,David Fletcher,17992,1994-05-31,665,0.297,230.0,0.376,653.0,0.35,307.0,0.316,0.0,0.0,0.0,0.0,10167,0.34617057665845685,0.002417745608925183
426,John Nogowski,16852,1993-01-05,143,0.301,4.0,0.25,0.0,0.0,0.0,0.0,0.0,0.0,0.0,0.0,10678,0.2405258931671334,0.0036571175972329607
427,Willians Astudillo,15608,1991-10-14,216,0.259,16.0,0.25,204.0,0.299,97.0,0.371,0.0,0.0,0.0,0.0,11127,0.2534568855288386,3.0726118040398965e-05
428,DJ Peters,19348,1995-12-12,240,0.242,0.0,0.0,0.0,0.0,0.0,0.0,0.0,0.0,0.0,0.0,9607,0.2764796699736505,0.0011888476414918547
429,Kyle Higashioka,5517,1990-04-20,211,0.246,48.0,0.25,57.0,0.211,79.0,0.241,20.0,0.1,0.0,0.0,11669,0.26413002444537287,0.00032869778638981793
430,Dylan Moore,18042,1992-08-02,377,0.276,159.0,0.358,282.0,0.302,0.0,0.0,0.0,0.0,0.0,0.0,10834,0.32672166860842505,0.0025726876664228892
431,Jose Barrero,23378,1998-04-05,56,0.286,68.0,0.206,0.0,0.0,0.0,0.0,0.0,0.0,0.0,0.0,8762,0.2611605444997656,0.0006169985495481232
432,Adrian Sanchez,11338,1990-08-16,38,0.316,0.0,0.0,32.0,0.25,59.0,0.288,75.0,0.288,0.0,0.0,11551,0.2621264079937963,0.0029023639156508982
433,Adam Eaton,11205,1988-12-06,288,0.282,176.0,0.285,656.0,0.365,370.0,0.3939999999999999,107.0,0.3929999999999999,706.0,0.362,12169,0.2893604721131509,5.417654972847266e-05
434,Willi Castro,17338,1997-04-24,450,0.273,140.0,0.381,110.0,0.284,0.0,0.0,0.0,0.0,0.0,0.0,9108,0.32884943219158463,0.0031191590761224077
435,Alex Blandino,16271,1992-11-06,82,0.317,0.0,0.0,50.0,0.42,147.0,0.324,0.0,0.0,0.0,0.0,10738,0.3108780085880853,3.747877884755756e-05
436,Kelvin Gutierrez,17468,1994-08-28,295,0.292,12.0,0.3329999999999999,79.0,0.304,0.0,0.0,0.0,0.0,0.0,0.0,10078,0.25092378060859094,0.001687255799491168
437,Jarred Kelenic,22558,1999-07-16,377,0.265,0.0,0.0,0.0,0.0,0.0,0.0,0.0,0.0,0.0,0.0,8295,0.2958480848061581,0.0009516043362079212
438,Mason Williams,11859,1991-08-21,37,0.297,18.0,0.111,34.0,0.324,132.0,0.331,17.0,0.294,29.0,0.321,11181,0.2304552437778887,0.0044282045806602185
439,Ha-seong Kim,27506,1995-10-17,298,0.27,0.0,0.0,0.0,0.0,0.0,0.0,0.0,0.0,0.0,0.0,9663,0.2770200230077828,4.928072302979932e-05
440,Stephen Vogt,5000,1984-11-01,238,0.283,81.0,0.247,280.0,0.314,0.0,0.0,303.0,0.285,532.0,0.305,13665,0.2179398514522201,0.004232822929059182
441,Elvis Andrus,8709,1988-08-26,541,0.294,111.0,0.252,648.0,0.313,428.0,0.308,689.0,0.337,568.0,0.362,12271,0.25525053693390715,0.0015015208879104929
442,Taylor Trammell,19960,1997-09-13,178,0.256,0.0,0.0,0.0,0.0,0.0,0.0,0.0,0.0,0.0,0.0,8966,0.2741236767317568,0.0003284676582772228
443,Nick Ahmed,12147,1990-03-15,473,0.28,217.0,0.327,625.0,0.316,564.0,0.29,178.0,0.298,308.0,0.265,11705,0.31569658946840123,0.001274246499675572
444,Matt Carpenter,8090,1985-11-26,249,0.305,169.0,0.325,492.0,0.3339999999999999,677.0,0.374,622.0,0.384,566.0,0.38,13275,0.30999609853581034,2.4961000579526272e-05
445,Shed Long Jr.,16542,1995-08-22,121,0.258,128.0,0.242,168.0,0.3329999999999999,0.0,0.0,0.0,0.0,0.0,0.0,9719,0.25691083013141924,1.1862910026242382e-06
446,Mike Brosseau,19683,1994-03-15,169,0.266,98.0,0.3779999999999999,142.0,0.319,0.0,0.0,0.0,0.0,0.0,0.0,10244,0.3298361699915552,0.004075056599190729
447,Danny Mendick,18889,1993-09-28,186,0.303,114.0,0.281,40.0,0.325,0.0,0.0,0.0,0.0,0.0,0.0,10412,0.27904975979559893,0.000573614005848509
448,David Bote,14593,1993-04-07,327,0.276,145.0,0.303,356.0,0.362,210.0,0.319,0.0,0.0,0.0,0.0,10586,0.29254779150030424,0.00027382940353754063
449,Romy Gonzalez,21562,1996-09-06,33,0.273,0.0,0.0,0.0,0.0,0.0,0.0,0.0,0.0,0.0,0.0,9338,0.2909472295163512,0.00032210304731258746
450,Donovan Walton,19314,1994-05-25,69,0.254,14.0,0.214,19.0,0.316,0.0,0.0,0.0,0.0,0.0,0.0,10173,0.23976285478550138,0.00020269630385872097
451,Seby Zavala,18887,1993-08-28,104,0.24,0.0,0.0,12.0,0.083,0.0,0.0,0.0,0.0,0.0,0.0,10443,0.23298190601553453,4.9253643174790226e-05
452,Brian O'Grady,16729,1992-05-17,61,0.267,5.0,0.4,48.0,0.292,0.0,0.0,0.0,0.0,0.0,0.0,10911,0.25316454515008024,0.0001914198109041685
453,Yonny Hernandez,19432,1998-05-04,166,0.315,0.0,0.0,0.0,0.0,0.0,0.0,0.0,0.0,0.0,0.0,8733,0.2707538230146415,0.001957724177819667
454,Daniel Robertson,14145,1994-03-22,90,0.303,24.0,0.417,237.0,0.312,340.0,0.382,254.0,0.308,0.0,0.0,10237,0.2855981934717455,0.00030282287044680145
455,Nomar Mazara,14553,1995-04-26,181,0.276,149.0,0.295,469.0,0.318,536.0,0.317,616.0,0.3229999999999999,568.0,0.32,9837,0.2840023105466822,6.403697408554047e-05
456,Jacob Nottingham,16448,1995-04-03,45,0.222,54.0,0.278,7.0,0.429,24.0,0.3329999999999999,0.0,0.0,0.0,0.0,9860,0.2698161865908057,0.002286387700086746
457,Maikel Franco,12179,1992-08-26,403,0.253,243.0,0.321,428.0,0.297,465.0,0.314,623.0,0.281,630.0,0.306,10810,0.3072291005358768,0.0029407953449302354
458,Billy Hamilton,10199,1990-09-09,135,0.242,36.0,0.171,353.0,0.289,556.0,0.299,633.0,0.299,460.0,0.321,11527,0.23427113554115409,5.973534582321145e-05
459,Ender Inciarte,4922,1990-10-29,89,0.276,131.0,0.262,230.0,0.3429999999999999,660.0,0.325,718.0,0.35,578.0,0.351,11477,0.27382571137587874,4.727531020983204e-06
460,Jose Trevino,16725,1992-11-28,302,0.267,83.0,0.28,126.0,0.272,8.0,0.25,0.0,0.0,0.0,0.0,10716,0.27756933553555807,0.00011171085366321028
461,Danny Santana,10322,1990-11-07,127,0.252,63.0,0.238,511.0,0.324,32.0,0.281,178.0,0.243,248.0,0.2789999999999999,11468,0.26088275683198614,7.890336893619641e-05
462,Jason Vosler,16686,1993-09-06,82,0.256,0.0,0.0,0.0,0.0,0.0,0.0,0.0,0.0,0.0,0.0,10434,0.2534642375761816,6.430091070049477e-06
463,Joshua Fuentes,16885,1993-02-19,284,0.257,103.0,0.32,56.0,0.2319999999999999,0.0,0.0,0.0,0.0,0.0,0.0,10633,0.29924441732077495,0.0017845907947717898
464,Jason Martin,16429,1995-09-05,154,0.248,11.0,0.182,40.0,0.325,0.0,0.0,0.0,0.0,0.0,0.0,9705,0.2401910610808612,6.097952704284077e-05
465,Mike Tauchman,15274,1990-12-03,191,0.284,111.0,0.342,296.0,0.361,37.0,0.1939999999999999,32.0,0.344,0.0,0.0,11442,0.3121493625195213,0.000792386610255432
466,Eric Sogard,7927,1986-05-22,180,0.283,128.0,0.281,442.0,0.353,113.0,0.241,299.0,0.3929999999999999,0.0,0.0,13098,0.2642224190952589,0.0003525975446340967
467,Marwin Gonzalez,5497,1989-03-14,307,0.275,199.0,0.286,463.0,0.322,552.0,0.324,515.0,0.377,518.0,0.293,12071,0.2945554998372034,0.000382417573882862
468,Brock Holt,9345,1988-06-11,260,0.281,106.0,0.283,295.0,0.369,367.0,0.362,164.0,0.305,324.0,0.322,12347,0.2752366920412103,3.321571862784881e-05
469,Ryan McKenna,19928,1997-02-14,197,0.292,0.0,0.0,0.0,0.0,0.0,0.0,0.0,0.0,0.0,0.0,9177,0.2549770847942108,0.0013706962503350578
470,Martin Maldonado,6887,1986-08-16,426,0.272,165.0,0.35,374.0,0.293,404.0,0.276,471.0,0.276,253.0,0.332,13012,0.3253520546113394,0.0028464417312513424
471,Jake Bauers,15194,1995-10-06,315,0.29,0.0,0.0,423.0,0.312,388.0,0.316,0.0,0.0,0.0,0.0,9674,0.2918925684014929,3.581815154329517e-06
472,Jose Marmolejos,15767,1993-01-02,122,0.262,115.0,0.261,0.0,0.0,0.0,0.0,0.0,0.0,0.0,0.0,10681,0.2704635953025387,7.163244544515526e-05
473,Jonah Heim,16930,1995-06-27,285,0.239,41.0,0.268,0.0,0.0,0.0,0.0,0.0,0.0,0.0,0.0,9775,0.26334670969477014,0.0005927622729614149
474,Tomas Nido,13755,1994-04-12,161,0.261,26.0,0.346,144.0,0.231,90.0,0.2,10.0,0.3,0.0,0.0,10216,0.26581368314473885,2.3171545417942858e-05
475,Mike Ford,15585,1992-07-04,72,0.278,84.0,0.226,163.0,0.35,0.0,0.0,0.0,0.0,0.0,0.0,10863,0.25557519291122355,0.0005028719729688397
476,Eli White,19346,1994-06-26,220,0.259,52.0,0.231,0.0,0.0,0.0,0.0,0.0,0.0,0.0,0.0,10141,0.25370185970035714,2.807029063469987e-05
477,Isan Diaz,17922,1996-05-27,277,0.293,22.0,0.182,201.0,0.259,0.0,0.0,0.0,0.0,0.0,0.0,9440,0.24734660581121837,0.002084232400956279
478,Andrew Velazquez,14196,1994-07-14,68,0.235,77.0,0.2739999999999999,24.0,0.125,12.0,0.417,0.0,0.0,0.0,0.0,10123,0.2726088170330697,0.001414423118626916
479,Andrelton Simmons,10847,1989-09-04,451,0.283,127.0,0.346,424.0,0.309,600.0,0.337,647.0,0.331,483.0,0.324,11897,0.315348142877848,0.0010464023476456708
480,Roberto Perez,2900,1988-12-23,161,0.245,110.0,0.264,449.0,0.321,210.0,0.256,248.0,0.291,184.0,0.285,12152,0.26622960788521655,0.00045069625096004875
481,Will Craig,19267,1994-11-16,65,0.2769999999999999,4.0,0.0,0.0,0.0,0.0,0.0,0.0,0.0,0.0,0.0,9998,0.2670182140823465,9.96360501058641e-05
482,Keston Hiura,20003,1996-08-02,197,0.256,246.0,0.297,348.0,0.368,0.0,0.0,0.0,0.0,0.0,0.0,9373,0.31012141051176706,0.0029291270757832093
483,Kevin Newman,17696,1993-08-04,554,0.265,172.0,0.281,531.0,0.353,97.0,0.247,0.0,0.0,0.0,0.0,10467,0.2811700920876587,0.00026147187812336194
484,Jarren Duran,24617,1996-09-05,112,0.241,0.0,0.0,0.0,0.0,0.0,0.0,0.0,0.0,0.0,0.0,9339,0.2547059379852349,0.00018785273605510477
485,David Dahl,13744,1994-04-01,220,0.247,99.0,0.222,413.0,0.353,271.0,0.325,0.0,0.0,237.0,0.359,10227,0.2506751934218723,1.3507046688173282e-05
486,Richie Martin,17736,1994-12-22,105,0.2689999999999999,0.0,0.0,309.0,0.26,0.0,0.0,0.0,0.0,0.0,0.0,9962,0.2959563587266661,0.0007266452758007122
487,Alan Trejo,20056,1996-05-30,50,0.26,0.0,0.0,0.0,0.0,0.0,0.0,0.0,0.0,0.0,0.0,9437,0.2743586925851005,0.00020617205275341935
488,Orlando Arcia,13185,1994-08-04,89,0.258,189.0,0.317,546.0,0.283,366.0,0.268,548.0,0.324,216.0,0.273,10102,0.30036337960901777,0.0017946559318977417
489,Joe Panik,11936,1990-10-30,257,0.266,141.0,0.34,491.0,0.315,392.0,0.307,573.0,0.347,526.0,0.315,11476,0.3147722617857874,0.0023787335197013744
490,Erik Gonzalez,13369,1991-08-31,229,0.258,193.0,0.255,156.0,0.301,143.0,0.301,115.0,0.272,17.0,0.353,11171,0.2765371081062665,0.0003436243769434119
491,Henry Ramos,11481,1992-04-15,55,0.255,0.0,0.0,0.0,0.0,0.0,0.0,0.0,0.0,0.0,0.0,10943,0.2906785442691807,0.0012729585211678877
492,Aramis Garcia,16925,1993-01-12,94,0.239,0.0,0.0,46.0,0.217,65.0,0.308,0.0,0.0,0.0,0.0,10671,0.24989706363311615,0.00011874599582418267
493,Luis Rengifo,19858,1997-02-26,190,0.246,106.0,0.2689999999999999,406.0,0.321,0.0,0.0,0.0,0.0,0.0,0.0,9165,0.27386251508310655,0.0007763197467563402
494,Shogo Akiyama,27461,1988-04-16,183,0.282,183.0,0.357,0.0,0.0,0.0,0.0,0.0,0.0,0.0,0.0,12403,0.33027944880174,0.002330905176599835
495,Jarrod Dyson,4866,1984-08-15,149,0.26,66.0,0.231,452.0,0.313,237.0,0.282,390.0,0.324,337.0,0.34,13743,0.2039276188567145,0.003144111927077879
496,Steven Souza Jr.,5667,1989-04-24,36,0.222,31.0,0.258,0.0,0.0,272.0,0.309,617.0,0.351,468.0,0.303,12030,0.261411453442067,0.0015532626624162153
497,Owen Miller,24655,1996-11-15,202,0.243,0.0,0.0,0.0,0.0,0.0,0.0,0.0,0.0,0.0,0.0,9268,0.282870951484314,0.0015896927722645225
498,Jake Cave,14477,1992-12-04,178,0.249,123.0,0.285,228.0,0.351,309.0,0.313,0.0,0.0,0.0,0.0,10710,0.2830471387994802,0.0011592076604310688
499,Sam Haggerty,18054,1994-05-26,94,0.247,54.0,0.315,4.0,0.0,0.0,0.0,0.0,0.0,0.0,0.0,10172,0.27933405617813134,0.0010454911889305537
500,Magneuris Sierra,17023,1996-04-07,225,0.281,53.0,0.3329999999999999,42.0,0.381,156.0,0.222,64.0,0.359,0.0,0.0,9490,0.2874225860048435,4.1249610989611164e-05
501,Bryan Holaday,11287,1987-11-19,34,0.265,33.0,0.212,129.0,0.344,166.0,0.261,29.0,0.241,129.0,0.281,12552,0.21923811793540252,0.00209414985009413
502,Ka'ai Tom,18136,1994-05-29,133,0.278,0.0,0.0,0.0,0.0,0.0,0.0,0.0,0.0,0.0,0.0,10169,0.27599049965628597,4.038091631386904e-06
503,Pat Valaika,14885,1992-09-09,281,0.25,150.0,0.315,86.0,0.256,133.0,0.214,195.0,0.284,19.0,0.263,10796,0.30062004976136475,0.0025623894378430435
504,Andrew Knizner,19514,1995-02-03,185,0.281,17.0,0.235,58.0,0.293,0.0,0.0,0.0,0.0,0.0,0.0,9919,0.24547403222611158,0.0012620943862713602
505,Tim Locastro,15124,1992-07-14,156,0.263,82.0,0.395,250.0,0.357,14.0,0.357,1.0,0.0,0.0,0.0,10853,0.3263842063643462,0.004017557616438021
506,Cody Bellinger,15998,1995-07-13,350,0.24,243.0,0.3329999999999999,660.0,0.406,632.0,0.3429999999999999,548.0,0.352,0.0,0.0,9759,0.3211210616243473,0.00658062663906115
507,Austin Romine,5491,1988-11-22,62,0.242,135.0,0.259,240.0,0.31,265.0,0.295,252.0,0.272,176.0,0.2689999999999999,12183,0.26482344732867935,0.000520909747965001
508,Austin Wynns,15271,1990-12-10,139,0.2319999999999999,0.0,0.0,74.0,0.247,118.0,0.287,0.0,0.0,0.0,0.0,11435,0.26539843858903334,0.0011154557001854376
509,Josh Palacios,19818,1995-07-30,42,0.293,0.0,0.0,0.0,0.0,0.0,0.0,0.0,0.0,0.0,0.0,9742,0.2740952929676173,0.00035738794798021887
510,Luke Raley,19354,1994-09-19,72,0.25,0.0,0.0,0.0,0.0,0.0,0.0,0.0,0.0,0.0,0.0,10056,0.23691950885255353,0.0001710992486584255
511,Tucupita Marcano,22871,1999-09-16,50,0.28,0.0,0.0,0.0,0.0,0.0,0.0,0.0,0.0,0.0,0.0,8233,0.29767512591292017,0.00031241007603758107
512,Rio Ruiz,14103,1994-05-22,141,0.243,204.0,0.286,413.0,0.306,15.0,0.267,173.0,0.283,7.0,0.286,10176,0.2865804387799705,0.0018992546442547593
513,Cal Raleigh,21534,1996-11-26,148,0.223,0.0,0.0,0.0,0.0,0.0,0.0,0.0,0.0,0.0,0.0,9257,0.24228692507154873,0.0003719854787155347
514,Drew Ellis,19873,1995-12-01,83,0.2769999999999999,0.0,0.0,0.0,0.0,0.0,0.0,0.0,0.0,0.0,0.0,9618,0.2555519986363767,0.00046001676249398423
515,Zack Short,19562,1995-05-29,184,0.239,0.0,0.0,0.0,0.0,0.0,0.0,0.0,0.0,0.0,0.0,9804,0.27141524006741585,0.0010507477886282028
516,Justin Williams,15490,1995-08-20,137,0.27,6.0,0.3329999999999999,0.0,0.0,1.0,0.0,0.0,0.0,0.0,0.0,9721,0.2503130146379952,0.00038757739264379146
517,Patrick Mazeika,18142,1993-10-14,87,0.253,0.0,0.0,0.0,0.0,0.0,0.0,0.0,0.0,0.0,0.0,10396,0.2716766124574127,0.0003488158528843833
518,Austin Hedges,12976,1992-08-18,312,0.22,83.0,0.231,347.0,0.252,326.0,0.282,417.0,0.262,26.0,0.154,10818,0.2574973993217931,0.0014060549558980102
519,Ben Rortvedt,20287,1997-09-25,98,0.2289999999999999,0.0,0.0,0.0,0.0,0.0,0.0,0.0,0.0,0.0,0.0,8954,0.2661618303005649,0.0013810016312879906
520,Alex Jackson,17276,1995-12-25,151,0.252,7.0,0.286,15.0,0.133,0.0,0.0,0.0,0.0,0.0,0.0,9594,0.25010866344853594,3.5771539509039716e-06
521,Scott Heineman,14453,1992-12-04,34,0.206,54.0,0.185,85.0,0.306,0.0,0.0,0.0,0.0,0.0,0.0,10710,0.24173037811486478,0.0012766599202312088
522,Sandy Leon,5273,1989-03-13,220,0.237,81.0,0.296,191.0,0.251,288.0,0.2319999999999999,301.0,0.29,283.0,0.369,12072,0.2857269109367212,0.002374311849435161
523,Michael Perez,12977,1992-08-07,231,0.221,93.0,0.237,55.0,0.345,80.0,0.304,0.0,0.0,0.0,0.0,10829,0.2600212102304373,0.001522654847847983
524,Jackie Bradley Jr.,12984,1990-04-19,428,0.236,217.0,0.364,567.0,0.317,535.0,0.314,541.0,0.3229999999999999,636.0,0.349,11670,0.3367565490437572,0.010151882175207048
525,Chad Wallach,17161,1991-11-04,66,0.242,48.0,0.2769999999999999,54.0,0.3329999999999999,52.0,0.275,11.0,0.091,0.0,0.0,11106,0.27083262736661606,0.000831320400862138
526,Andrew Romine,1159,1985-12-24,64,0.2339999999999999,4.0,0.25,0.0,0.0,131.0,0.26,348.0,0.289,194.0,0.304,13247,0.21881541431991597,0.00023057164227581006
527,Franchy Cordero,14567,1994-09-02,136,0.237,42.0,0.286,20.0,0.45,154.0,0.307,99.0,0.276,0.0,0.0,10073,0.2650955658808053,0.0007893608221626713
528,Sebastian Rivero,21735,1998-11-16,44,0.25,0.0,0.0,0.0,0.0,0.0,0.0,0.0,0.0,0.0,0.0,8537,0.27593499439589075,0.0006726239343148848
529,Matt Joyce,3353,1984-08-03,69,0.261,148.0,0.351,238.0,0.408,246.0,0.322,544.0,0.335,293.0,0.4029999999999999,13755,0.3273356608866771,0.00440041990527222
530,Wyatt Mathisen,14555,1993-12-30,51,0.255,33.0,0.364,0.0,0.0,0.0,0.0,0.0,0.0,0.0,0.0,10319,0.27694874301351763,0.0004817473198734387
531,Jay Bruce,9892,1987-04-03,39,0.231,103.0,0.252,333.0,0.261,361.0,0.31,617.0,0.324,589.0,0.309,12782,0.24083891699920582,9.680428771726095e-05
532,Chris Gittens,18482,1994-02-04,44,0.25,0.0,0.0,0.0,0.0,0.0,0.0,0.0,0.0,0.0,0.0,10283,0.2682976129140836,0.00033480263835363914
533,Colton Welker,19961,1997-10-09,40,0.25,0.0,0.0,0.0,0.0,0.0,0.0,0.0,0.0,0.0,0.0,8940,0.27538934172878765,0.0006446186734211579
534,Sheldon Neuse,19635,1994-12-10,66,0.182,0.0,0.0,61.0,0.295,0.0,0.0,0.0,0.0,0.0,0.0,9974,0.2768749493658004,0.009001256017163195
535,Tony Wolters,11470,1992-06-09,30,0.276,109.0,0.28,411.0,0.337,216.0,0.292,266.0,0.341,230.0,0.327,10888,0.2810472575429412,2.547480870477647e-05
536,Jonathan Davis,15104,1992-05-12,103,0.252,34.0,0.364,95.0,0.266,27.0,0.259,0.0,0.0,0.0,0.0,10916,0.27741646671471437,0.0006459967802601834
537,Leody Taveras,18900,1998-09-08,185,0.207,134.0,0.308,0.0,0.0,0.0,0.0,0.0,0.0,0.0,0.0,8606,0.29018494132134437,0.0069197344626355075
538,Mike Freeman,11241,1987-08-04,65,0.262,43.0,0.302,213.0,0.362,1.0,0.0,66.0,0.182,24.0,0.292,12659,0.27333007306734197,0.0001283705557113077
539,Chance Sisco,15694,1995-02-24,83,0.241,121.0,0.364,198.0,0.3329999999999999,184.0,0.288,22.0,0.455,0.0,0.0,9898,0.3255109401474276,0.007142099004602091
540,Garrett Stubbs,18067,1993-05-26,38,0.222,10.0,0.111,39.0,0.282,0.0,0.0,0.0,0.0,0.0,0.0,10537,0.23115308805544676,8.377902095076219e-05
541,JaCoby Jones,14818,1992-05-10,105,0.21,108.0,0.3329999999999999,333.0,0.31,467.0,0.266,154.0,0.24,28.0,0.214,10918,0.3073519937407535,0.009477410685299711
542,Dustin Fowler,17098,1994-12-29,46,0.239,0.0,0.0,0.0,0.0,203.0,0.256,0.0,0.0,0.0,0.0,9955,0.27303327553722884,0.0011582638437929395
543,Gilberto Celestino,20233,1999-02-13,62,0.177,0.0,0.0,0.0,0.0,0.0,0.0,0.0,0.0,0.0,0.0,8448,0.26400093581638795,0.0075691628329272575
544,Matt Adams,9393,1988-08-31,40,0.25,51.0,0.216,333.0,0.276,337.0,0.309,367.0,0.319,327.0,0.309,12266,0.23162549576555358,0.00033762240586168946
545,Evan White,20078,1996-04-26,104,0.2019999999999999,202.0,0.252,0.0,0.0,0.0,0.0,0.0,0.0,0.0,0.0,9471,0.2726276421316857,0.004988263833081482
546,Jared Oliva,19968,1995-11-27,43,0.233,16.0,0.188,0.0,0.0,0.0,0.0,0.0,0.0,0.0,0.0,9622,0.24358184677904993,0.00011197548125528904
547,Andrew Knapp,14942,1991-11-09,159,0.215,89.0,0.4039999999999999,160.0,0.318,215.0,0.294,204.0,0.368,0.0,0.0,11101,0.3308776256174585,0.013427624118739871
548,Kevan Smith,12284,1988-06-28,106,0.248,38.0,0.3779999999999999,211.0,0.318,187.0,0.348,294.0,0.309,16.0,0.125,12330,0.29641283746807806,0.002343802831710543
549,Robel Garcia,13167,1993-03-28,117,0.216,0.0,0.0,80.0,0.275,0.0,0.0,0.0,0.0,0.0,0.0,10596,0.27433500963432705,0.0034029733490370303
550,Jose Godoy,15808,1994-10-13,40,0.225,0.0,0.0,0.0,0.0,0.0,0.0,0.0,0.0,0.0,0.0,10032,0.25473262580586375,0.0008840290373115149
551,Ildemaro Vargas,13324,1991-07-16,83,0.217,54.0,0.222,211.0,0.299,20.0,0.25,13.0,0.308,0.0,0.0,11217,0.25465368183984444,0.001417799756096231
552,Stevie Wilkerson,16041,1992-01-11,76,0.211,0.0,0.0,361.0,0.286,49.0,0.2239999999999999,0.0,0.0,0.0,0.0,11038,0.2599454169215203,0.0023956538376214455
553,Kean Wong,15994,1995-04-17,66,0.1939999999999999,0.0,0.0,18.0,0.1669999999999999,0.0,0.0,0.0,0.0,0.0,0.0,9846,0.23767339180323088,0.0019073651515985235
554,Jahmai Jones,18872,1997-08-04,72,0.208,7.0,0.429,0.0,0.0,0.0,0.0,0.0,0.0,0.0,0.0,9006,0.2631786476994176,0.0030446831619364467
555,Kevin Smith,20242,1996-07-04,36,0.1939999999999999,0.0,0.0,0.0,0.0,0.0,0.0,0.0,0.0,0.0,0.0,9402,0.2827251061136152,0.007872144454872292
556,Edwin Rios,18316,1994-04-21,60,0.217,83.0,0.301,56.0,0.3929999999999999,0.0,0.0,0.0,0.0,0.0,0.0,10207,0.2851832646639566,0.004648957580235154
557,Jake Hager,12198,1993-03-04,30,0.233,0.0,0.0,0.0,0.0,0.0,0.0,0.0,0.0,0.0,0.0,10620,0.27664268370250045,0.001904683840756497
558,Nick Heath,19577,1993-11-27,39,0.231,18.0,0.313,0.0,0.0,0.0,0.0,0.0,0.0,0.0,0.0,10352,0.2520678371211478,0.00044385376096321174
559,Domingo Leyba,16404,1995-09-11,96,0.198,0.0,0.0,30.0,0.367,0.0,0.0,0.0,0.0,0.0,0.0,9699,0.278633753217374,0.006501802157920369
560,Todd Frazier,785,1986-02-12,40,0.2,172.0,0.302,499.0,0.3289999999999999,472.0,0.303,576.0,0.344,666.0,0.302,13197,0.293578081558047,0.008756857348084492
561,Scott Schebler,12225,1990-10-06,34,0.147,1.0,0.0,95.0,0.253,430.0,0.337,531.0,0.307,282.0,0.33,11500,0.26816256757500867,0.014680367781368544
562,Vimael Machin,17684,1993-09-25,37,0.2,71.0,0.296,0.0,0.0,0.0,0.0,0.0,0.0,0.0,0.0,10415,0.2799228798222743,0.006387666719085702
563,Cristian Pache,19948,1998-11-19,68,0.152,4.0,0.25,0.0,0.0,0.0,0.0,0.0,0.0,0.0,0.0,8534,0.2684332903669813,0.013556711105681787
564,Mickey Moniak,19956,1998-05-13,37,0.1669999999999999,18.0,0.389,0.0,0.0,0.0,0.0,0.0,0.0,0.0,0.0,8724,0.26496119918290284,0.009596396545352383
565,Albert Almora Jr.,14109,1994-04-16,54,0.148,34.0,0.265,363.0,0.271,479.0,0.3229999999999999,323.0,0.3379999999999999,117.0,0.308,10212,0.255801645929373,0.011621194865081902
566,Luis Campusano,22217,1998-09-29,38,0.184,4.0,0.5,0.0,0.0,0.0,0.0,0.0,0.0,0.0,0.0,8585,0.2533863769027722,0.004814469299693562
567,Greg Deichmann,19872,1995-05-31,31,0.161,0.0,0.0,0.0,0.0,0.0,0.0,0.0,0.0,0.0,0.0,9802,0.2613256688124307,0.010065239822661528
568,Cameron Maybin,5223,1987-04-04,33,0.182,101.0,0.307,269.0,0.364,384.0,0.326,450.0,0.318,391.0,0.3829999999999999,12781,0.284173680119514,0.01043946090916477
569,Curtis Terry,18881,1996-10-06,48,0.146,0.0,0.0,0.0,0.0,0.0,0.0,0.0,0.0,0.0,0.0,9308,0.2672331737799069,0.01469748242474911
570,Skye Bolt,17723,1994-01-15,60,0.103,0.0,0.0,11.0,0.182,0.0,0.0,0.0,0.0,0.0,0.0,10303,0.2351786464362435,0.017471194573717465
571,Drew Butera,3411,1983-08-09,36,0.091,43.0,0.19,49.0,0.2289999999999999,182.0,0.264,177.0,0.284,133.0,0.3279999999999999,14115,0.191296680693844,0.010059424158202901
